checking_balance,loan_duration,credit_history,purpose,credit_balance,employment_duration,guarantor,assets,age,housing,existing_credits,employment_duration,num_dependents,foreign,loan_status
0<=X<200,6.0,delayed previously,new car,1209.0,unemployed,none,life insurance,47.0,own,1.0,high qualif/self emp/mgmt,1.0,yes,bad
0<=X<200,18.0,delayed previously,furniture/equipment,4297.0,>=7,none,no known property,40.0,own,1.0,high qualif/self emp/mgmt,1.0,yes,bad
<0,24.0,existing paid,new car,1442.0,4<=X<7,none,car,23.0,rent,2.0,skilled,1.0,yes,bad
>=200,12.0,existing paid,furniture/equipment,1474.0,<1,none,life insurance,33.0,own,1.0,high qualif/self emp/mgmt,1.0,yes,good
no checking,54.0,no credits/all paid,used car,9436.0,1<=X<4,none,life insurance,39.0,own,1.0,unskilled resident,2.0,yes,good
<0,27.0,existing paid,radio/tv,3416.0,1<=X<4,none,car,27.0,own,1.0,high qualif/self emp/mgmt,1.0,yes,good
no checking,36.0,critical/other existing credit,used car,11054.0,1<=X<4,none,car,30.0,own,1.0,high qualif/self emp/mgmt,1.0,yes,good
>=200,9.0,existing paid,radio/tv,745.0,1<=X<4,none,real estate,28.0,own,1.0,unskilled resident,1.0,yes,bad
0<=X<200,48.0,existing paid,radio/tv,10961.0,4<=X<7,co applicant,no known property,27.0,own,2.0,skilled,1.0,yes,bad
0<=X<200,18.0,existing paid,new car,1042.0,1<=X<4,none,life insurance,33.0,own,1.0,skilled,1.0,yes,bad
<0,6.0,critical/other existing credit,new car,1361.0,<1,none,real estate,40.0,own,1.0,unskilled resident,2.0,no,good
no checking,12.0,existing paid,education,719.0,>=7,none,car,41.0,own,1.0,unskilled resident,2.0,yes,bad
<0,24.0,existing paid,new car,2303.0,>=7,co applicant,real estate,45.0,own,1.0,skilled,1.0,yes,bad
no checking,6.0,existing paid,radio/tv,2108.0,4<=X<7,none,real estate,29.0,rent,1.0,skilled,1.0,yes,good
<0,48.0,existing paid,new car,3931.0,4<=X<7,none,no known property,46.0,for free,1.0,skilled,2.0,yes,bad
no checking,12.0,existing paid,new car,3527.0,<1,none,life insurance,45.0,own,1.0,high qualif/self emp/mgmt,2.0,yes,good
no checking,12.0,all paid,retraining,3447.0,1<=X<4,none,real estate,35.0,own,1.0,unskilled resident,2.0,yes,good
no checking,21.0,delayed previously,used car,2993.0,1<=X<4,none,real estate,28.0,own,2.0,unskilled resident,1.0,yes,good
0<=X<200,48.0,delayed previously,other,7582.0,unemployed,none,no known property,31.0,for free,1.0,high qualif/self emp/mgmt,1.0,yes,good
no checking,21.0,delayed previously,furniture/equipment,1591.0,4<=X<7,none,real estate,34.0,own,2.0,high qualif/self emp/mgmt,1.0,yes,good
0<=X<200,30.0,critical/other existing credit,new car,2181.0,>=7,none,real estate,36.0,own,2.0,skilled,1.0,yes,good
<0,36.0,critical/other existing credit,education,8065.0,1<=X<4,none,no known property,25.0,own,2.0,high qualif/self emp/mgmt,1.0,yes,bad
no checking,21.0,existing paid,new car,2782.0,4<=X<7,none,car,31.0,own,1.0,high qualif/self emp/mgmt,1.0,yes,good
0<=X<200,13.0,existing paid,radio/tv,2101.0,<1,guarantor,life insurance,23.0,own,1.0,unskilled resident,1.0,yes,good
>=200,36.0,existing paid,radio/tv,5848.0,1<=X<4,none,car,24.0,own,1.0,skilled,1.0,yes,good
<0,13.0,critical/other existing credit,business,1797.0,<1,none,life insurance,28.0,own,2.0,unskilled resident,1.0,yes,good
no checking,30.0,existing paid,used car,4811.0,4<=X<7,none,life insurance,24.0,rent,1.0,unskilled resident,1.0,yes,good
no checking,30.0,critical/other existing credit,radio/tv,2831.0,1<=X<4,none,car,33.0,own,1.0,skilled,1.0,yes,good
<0,24.0,existing paid,furniture/equipment,3021.0,1<=X<4,none,real estate,24.0,rent,1.0,unskilled resident,1.0,yes,good
no checking,12.0,existing paid,furniture/equipment,1574.0,1<=X<4,none,real estate,50.0,own,1.0,skilled,1.0,yes,good
0<=X<200,24.0,existing paid,new car,3512.0,4<=X<7,none,car,38.0,own,2.0,skilled,1.0,yes,good
0<=X<200,12.0,existing paid,furniture/equipment,3017.0,<1,none,real estate,34.0,rent,1.0,high qualif/self emp/mgmt,1.0,yes,good
<0,24.0,existing paid,used car,2910.0,4<=X<7,none,no known property,34.0,for free,1.0,high qualif/self emp/mgmt,1.0,yes,good
no checking,9.0,critical/other existing credit,new car,2134.0,1<=X<4,none,car,48.0,own,3.0,skilled,1.0,yes,good
no checking,6.0,delayed previously,business,1743.0,1<=X<4,none,real estate,34.0,own,2.0,unskilled resident,1.0,yes,good
0<=X<200,6.0,delayed previously,furniture/equipment,1050.0,unemployed,none,life insurance,35.0,own,2.0,high qualif/self emp/mgmt,1.0,yes,good
no checking,15.0,existing paid,new car,3186.0,4<=X<7,none,car,20.0,rent,1.0,skilled,1.0,yes,good
no checking,36.0,delayed previously,new car,10875.0,>=7,none,car,45.0,own,2.0,skilled,2.0,yes,good
0<=X<200,9.0,existing paid,radio/tv,458.0,1<=X<4,none,real estate,24.0,own,1.0,skilled,1.0,yes,good
0<=X<200,12.0,critical/other existing credit,furniture/equipment,3617.0,>=7,none,car,28.0,rent,3.0,skilled,1.0,yes,good
no checking,12.0,critical/other existing credit,new car,682.0,4<=X<7,none,car,51.0,own,2.0,skilled,1.0,yes,good
no checking,10.0,existing paid,used car,2901.0,<1,none,real estate,31.0,rent,1.0,skilled,1.0,yes,good
>=200,18.0,existing paid,radio/tv,2100.0,1<=X<4,co applicant,real estate,37.0,own,1.0,skilled,1.0,yes,bad
<0,6.0,all paid,education,1198.0,>=7,none,no known property,35.0,for free,1.0,skilled,1.0,yes,bad
no checking,12.0,critical/other existing credit,furniture/equipment,1402.0,4<=X<7,none,car,37.0,rent,1.0,skilled,1.0,yes,good
no checking,12.0,critical/other existing credit,repairs,996.0,4<=X<7,none,real estate,23.0,own,2.0,skilled,1.0,yes,good
<0,6.0,existing paid,furniture/equipment,1374.0,1<=X<4,none,real estate,36.0,own,1.0,unskilled resident,1.0,yes,good
no checking,36.0,existing paid,education,9055.0,1<=X<4,none,no known property,35.0,for free,1.0,unskilled resident,2.0,yes,good
no checking,12.0,critical/other existing credit,radio/tv,1240.0,>=7,none,real estate,38.0,own,2.0,skilled,1.0,yes,good
no checking,21.0,existing paid,used car,2476.0,>=7,none,real estate,46.0,own,1.0,high qualif/self emp/mgmt,1.0,yes,good
no checking,10.0,existing paid,new car,1418.0,1<=X<4,none,real estate,35.0,rent,1.0,unskilled resident,1.0,no,good
>=200,12.0,existing paid,radio/tv,3399.0,>=7,none,car,37.0,own,1.0,high qualif/self emp/mgmt,1.0,yes,good
no checking,24.0,existing paid,new car,1469.0,>=7,none,real estate,41.0,rent,1.0,unskilled resident,1.0,yes,good
>=200,10.0,existing paid,new car,1240.0,>=7,none,no known property,48.0,for free,1.0,unskilled resident,2.0,yes,bad
no checking,20.0,critical/other existing credit,new car,3485.0,<1,none,real estate,44.0,own,2.0,skilled,1.0,yes,good
no checking,15.0,existing paid,radio/tv,3568.0,>=7,none,car,54.0,rent,1.0,high qualif/self emp/mgmt,1.0,yes,good
0<=X<200,12.0,no credits/all paid,retraining,1410.0,1<=X<4,none,real estate,31.0,own,1.0,unskilled resident,1.0,yes,good
>=200,12.0,critical/other existing credit,new car,1480.0,unemployed,none,no known property,66.0,for free,3.0,unemp/unskilled non res,1.0,yes,good
no checking,6.0,existing paid,new car,3518.0,1<=X<4,guarantor,life insurance,26.0,rent,1.0,skilled,1.0,yes,good
0<=X<200,18.0,existing paid,new car,6260.0,4<=X<7,none,real estate,28.0,rent,1.0,unskilled resident,1.0,yes,good
0<=X<200,36.0,delayed previously,new car,7432.0,1<=X<4,none,life insurance,54.0,rent,1.0,skilled,1.0,yes,good
no checking,24.0,existing paid,radio/tv,1533.0,<1,none,car,38.0,own,1.0,skilled,1.0,yes,good
no checking,24.0,delayed previously,business,8648.0,<1,none,car,27.0,own,2.0,skilled,1.0,yes,bad
<0,12.0,existing paid,furniture/equipment,1282.0,1<=X<4,none,car,20.0,rent,1.0,skilled,1.0,yes,bad
0<=X<200,9.0,critical/other existing credit,education,1136.0,>=7,none,no known property,32.0,for free,2.0,skilled,2.0,yes,bad
0<=X<200,7.0,existing paid,radio/tv,2576.0,1<=X<4,guarantor,real estate,35.0,own,1.0,skilled,1.0,yes,good
<0,24.0,existing paid,new car,1381.0,1<=X<4,none,life insurance,35.0,own,1.0,skilled,1.0,yes,bad
no checking,36.0,delayed previously,used car,8947.0,4<=X<7,none,car,31.0,own,1.0,high qualif/self emp/mgmt,2.0,yes,good
0<=X<200,24.0,delayed previously,business,6967.0,4<=X<7,none,car,36.0,rent,1.0,high qualif/self emp/mgmt,1.0,yes,good
no checking,24.0,existing paid,new car,1474.0,<1,none,real estate,33.0,own,1.0,skilled,1.0,yes,good
<0,39.0,critical/other existing credit,furniture/equipment,14179.0,4<=X<7,none,life insurance,30.0,own,2.0,high qualif/self emp/mgmt,1.0,yes,good
no checking,36.0,critical/other existing credit,used car,5842.0,>=7,none,life insurance,35.0,own,2.0,skilled,2.0,yes,good
<0,24.0,existing paid,furniture/equipment,2996.0,1<=X<4,none,car,20.0,own,1.0,skilled,1.0,yes,bad
0<=X<200,24.0,delayed previously,business,4712.0,1<=X<4,none,life insurance,37.0,own,2.0,high qualif/self emp/mgmt,1.0,yes,good
>=200,6.0,delayed previously,radio/tv,683.0,<1,none,life insurance,29.0,own,1.0,skilled,1.0,yes,good
no checking,12.0,existing paid,new car,2859.0,unemployed,none,no known property,38.0,own,1.0,high qualif/self emp/mgmt,1.0,yes,good
<0,6.0,existing paid,furniture/equipment,428.0,>=7,none,life insurance,49.0,own,1.0,skilled,1.0,yes,good
0<=X<200,15.0,existing paid,repairs,1308.0,>=7,none,car,38.0,own,2.0,unskilled resident,1.0,yes,good
no checking,9.0,critical/other existing credit,education,1244.0,>=7,none,life insurance,41.0,rent,2.0,unskilled resident,1.0,yes,good
<0,45.0,no credits/all paid,business,11816.0,>=7,none,car,29.0,rent,2.0,skilled,1.0,yes,bad
0<=X<200,18.0,existing paid,furniture/equipment,3001.0,4<=X<7,none,real estate,40.0,rent,1.0,skilled,1.0,yes,good
<0,12.0,no credits/all paid,repairs,1108.0,4<=X<7,none,real estate,28.0,own,2.0,skilled,1.0,yes,bad
<0,12.0,existing paid,furniture/equipment,1289.0,1<=X<4,guarantor,life insurance,21.0,own,1.0,unskilled resident,1.0,yes,good
no checking,6.0,existing paid,used car,1236.0,1<=X<4,none,life insurance,50.0,rent,1.0,skilled,1.0,yes,good
0<=X<200,6.0,critical/other existing credit,retraining,932.0,4<=X<7,none,life insurance,39.0,own,2.0,unskilled resident,1.0,yes,good
<0,60.0,existing paid,business,7297.0,>=7,co applicant,no known property,36.0,rent,1.0,skilled,1.0,yes,bad
<0,15.0,no credits/all paid,new car,950.0,>=7,none,car,33.0,rent,2.0,skilled,2.0,yes,bad
no checking,15.0,existing paid,used car,4657.0,1<=X<4,none,car,30.0,own,1.0,skilled,1.0,yes,good
no checking,18.0,existing paid,radio/tv,1453.0,<1,none,real estate,26.0,own,1.0,skilled,1.0,yes,good
no checking,18.0,existing paid,radio/tv,1126.0,<1,none,real estate,21.0,rent,1.0,skilled,1.0,yes,good
<0,24.0,existing paid,business,6568.0,1<=X<4,none,car,21.0,own,1.0,unskilled resident,1.0,yes,good
<0,24.0,existing paid,new car,1207.0,<1,none,life insurance,24.0,rent,1.0,skilled,1.0,yes,bad
>=200,24.0,existing paid,furniture/equipment,3749.0,<1,none,car,26.0,own,1.0,skilled,1.0,yes,good
no checking,9.0,existing paid,business,1449.0,4<=X<7,none,car,27.0,own,2.0,skilled,1.0,yes,good
0<=X<200,30.0,no credits/all paid,business,4221.0,1<=X<4,none,car,28.0,own,2.0,skilled,1.0,yes,good
<0,8.0,critical/other existing credit,new car,3398.0,4<=X<7,none,real estate,39.0,own,2.0,unskilled resident,1.0,no,good
no checking,12.0,critical/other existing credit,radio/tv,930.0,>=7,none,real estate,65.0,own,4.0,skilled,1.0,yes,good
no checking,24.0,critical/other existing credit,used car,2346.0,4<=X<7,none,car,35.0,own,2.0,skilled,1.0,yes,good
<0,15.0,existing paid,radio/tv,1053.0,<1,none,real estate,27.0,own,1.0,skilled,1.0,no,good
no checking,24.0,existing paid,radio/tv,2284.0,4<=X<7,none,car,28.0,own,1.0,skilled,1.0,yes,good
<0,12.0,existing paid,furniture/equipment,2578.0,unemployed,none,no known property,55.0,for free,1.0,high qualif/self emp/mgmt,1.0,yes,good
no checking,48.0,delayed previously,radio/tv,7238.0,>=7,none,car,32.0,own,2.0,skilled,2.0,yes,good
no checking,9.0,existing paid,domestic appliance,1236.0,<1,none,real estate,23.0,rent,1.0,skilled,1.0,yes,good
0<=X<200,60.0,existing paid,new car,7408.0,<1,none,life insurance,24.0,own,1.0,high qualif/self emp/mgmt,1.0,yes,bad
<0,24.0,all paid,furniture/equipment,2483.0,1<=X<4,none,real estate,22.0,own,1.0,skilled,1.0,yes,good
<0,12.0,critical/other existing credit,used car,1409.0,>=7,none,real estate,54.0,own,1.0,skilled,1.0,yes,good
0<=X<200,24.0,delayed previously,radio/tv,6403.0,<1,none,car,33.0,own,1.0,skilled,1.0,yes,good
no checking,12.0,no credits/all paid,furniture/equipment,2759.0,>=7,none,life insurance,34.0,own,2.0,skilled,1.0,yes,good
<0,6.0,existing paid,education,448.0,<1,none,life insurance,23.0,own,1.0,skilled,1.0,yes,bad
0<=X<200,12.0,existing paid,used car,2028.0,1<=X<4,none,car,30.0,own,1.0,skilled,1.0,yes,good
0<=X<200,24.0,critical/other existing credit,education,5743.0,<1,none,no known property,24.0,for free,2.0,skilled,1.0,yes,good
<0,12.0,existing paid,furniture/equipment,1858.0,<1,none,car,22.0,rent,1.0,skilled,1.0,yes,good
no checking,15.0,critical/other existing credit,radio/tv,1360.0,1<=X<4,none,life insurance,31.0,own,2.0,skilled,1.0,yes,good
<0,18.0,existing paid,domestic appliance,1217.0,1<=X<4,none,real estate,47.0,own,1.0,unskilled resident,1.0,yes,bad
<0,24.0,delayed previously,new car,4870.0,1<=X<4,none,no known property,53.0,for free,2.0,skilled,2.0,yes,bad
no checking,18.0,existing paid,new car,1820.0,1<=X<4,none,life insurance,30.0,own,1.0,high qualif/self emp/mgmt,1.0,yes,good
no checking,12.0,critical/other existing credit,radio/tv,717.0,>=7,none,real estate,52.0,own,3.0,skilled,1.0,yes,good
0<=X<200,12.0,existing paid,repairs,639.0,1<=X<4,none,car,30.0,own,1.0,skilled,1.0,yes,bad
0<=X<200,24.0,existing paid,new car,1355.0,<1,none,car,25.0,own,1.0,unskilled resident,1.0,yes,bad
0<=X<200,21.0,existing paid,business,1188.0,>=7,none,life insurance,39.0,own,1.0,skilled,2.0,yes,bad
no checking,12.0,existing paid,business,1076.0,1<=X<4,none,real estate,26.0,own,1.0,skilled,1.0,no,good
<0,12.0,critical/other existing credit,new car,3499.0,1<=X<4,co applicant,real estate,29.0,own,2.0,skilled,1.0,yes,bad
<0,20.0,existing paid,furniture/equipment,2212.0,4<=X<7,none,car,39.0,own,1.0,skilled,1.0,yes,good
0<=X<200,12.0,existing paid,furniture/equipment,1922.0,1<=X<4,none,life insurance,37.0,own,1.0,unskilled resident,1.0,yes,bad
<0,12.0,existing paid,new car,2579.0,<1,none,real estate,33.0,own,1.0,unskilled resident,2.0,yes,bad
<0,18.0,no credits/all paid,furniture/equipment,3114.0,<1,none,life insurance,26.0,rent,1.0,skilled,1.0,yes,bad
<0,16.0,critical/other existing credit,new car,2625.0,>=7,guarantor,life insurance,43.0,rent,1.0,skilled,1.0,yes,bad
no checking,14.0,delayed previously,new car,802.0,1<=X<4,none,car,27.0,own,2.0,unskilled resident,1.0,yes,good
no checking,24.0,existing paid,radio/tv,3181.0,<1,none,life insurance,26.0,own,1.0,skilled,1.0,yes,good
0<=X<200,24.0,delayed previously,new car,1965.0,1<=X<4,none,car,42.0,rent,2.0,skilled,1.0,yes,good
<0,12.0,delayed previously,new car,1344.0,1<=X<4,none,real estate,43.0,own,2.0,unskilled resident,2.0,yes,good
<0,6.0,existing paid,new car,14896.0,>=7,none,no known property,68.0,own,1.0,high qualif/self emp/mgmt,1.0,yes,bad
<0,15.0,existing paid,new car,3959.0,1<=X<4,none,life insurance,29.0,own,1.0,skilled,1.0,yes,bad
<0,6.0,existing paid,radio/tv,2647.0,1<=X<4,none,real estate,44.0,rent,1.0,skilled,2.0,yes,good
0<=X<200,18.0,critical/other existing credit,furniture/equipment,3612.0,>=7,none,life insurance,37.0,own,1.0,skilled,1.0,yes,good
no checking,6.0,critical/other existing credit,new car,250.0,1<=X<4,none,real estate,41.0,own,2.0,unskilled resident,1.0,yes,good
no checking,21.0,existing paid,furniture/equipment,2241.0,>=7,none,real estate,50.0,own,2.0,skilled,1.0,yes,good
0<=X<200,18.0,existing paid,repairs,3872.0,unemployed,none,car,67.0,own,1.0,skilled,1.0,yes,good
0<=X<200,12.0,critical/other existing credit,used car,1860.0,unemployed,none,car,34.0,own,2.0,high qualif/self emp/mgmt,1.0,yes,good
<0,24.0,existing paid,used car,2964.0,>=7,none,no known property,49.0,for free,1.0,skilled,2.0,yes,good
<0,24.0,delayed previously,radio/tv,1659.0,<1,none,car,29.0,rent,1.0,unskilled resident,1.0,yes,bad
no checking,12.0,existing paid,radio/tv,2279.0,1<=X<4,none,no known property,37.0,for free,1.0,skilled,1.0,yes,good
0<=X<200,18.0,critical/other existing credit,furniture/equipment,7374.0,unemployed,none,life insurance,40.0,own,2.0,high qualif/self emp/mgmt,1.0,yes,good
>=200,9.0,no credits/all paid,radio/tv,1337.0,<1,none,car,34.0,own,2.0,high qualif/self emp/mgmt,1.0,yes,bad
no checking,12.0,critical/other existing credit,furniture/equipment,1592.0,4<=X<7,none,life insurance,35.0,own,1.0,skilled,1.0,no,good
0<=X<200,24.0,no credits/all paid,business,4241.0,1<=X<4,none,real estate,36.0,own,3.0,unskilled resident,1.0,yes,bad
0<=X<200,6.0,all paid,education,433.0,<1,none,life insurance,24.0,rent,1.0,skilled,2.0,yes,bad
0<=X<200,24.0,existing paid,used car,12579.0,>=7,none,no known property,44.0,for free,1.0,high qualif/self emp/mgmt,1.0,yes,bad
no checking,18.0,critical/other existing credit,furniture/equipment,3780.0,<1,none,car,35.0,own,2.0,high qualif/self emp/mgmt,1.0,yes,good
0<=X<200,9.0,critical/other existing credit,radio/tv,1154.0,>=7,none,real estate,37.0,own,3.0,unskilled resident,1.0,yes,good
no checking,6.0,existing paid,radio/tv,1346.0,>=7,none,no known property,42.0,for free,1.0,skilled,2.0,yes,good
no checking,18.0,existing paid,radio/tv,2051.0,<1,none,real estate,33.0,own,1.0,skilled,1.0,yes,good
no checking,24.0,critical/other existing credit,new car,2022.0,1<=X<4,none,car,37.0,own,1.0,skilled,1.0,yes,good
no checking,12.0,critical/other existing credit,education,2096.0,4<=X<7,none,real estate,49.0,own,1.0,unskilled resident,2.0,yes,good
0<=X<200,18.0,existing paid,business,4439.0,>=7,co applicant,real estate,33.0,own,1.0,high qualif/self emp/mgmt,1.0,yes,good
no checking,18.0,critical/other existing credit,radio/tv,2238.0,1<=X<4,none,car,25.0,own,2.0,skilled,1.0,yes,good
0<=X<200,48.0,all paid,business,3566.0,4<=X<7,none,car,30.0,own,1.0,skilled,1.0,yes,good
no checking,15.0,existing paid,used car,3812.0,<1,none,car,23.0,own,1.0,skilled,1.0,yes,good
<0,24.0,existing paid,furniture/equipment,4169.0,1<=X<4,none,life insurance,28.0,own,1.0,skilled,1.0,yes,good
no checking,48.0,critical/other existing credit,used car,11590.0,1<=X<4,none,car,24.0,rent,2.0,unskilled resident,1.0,yes,bad
>=200,6.0,critical/other existing credit,new car,1343.0,>=7,none,real estate,46.0,own,2.0,skilled,2.0,no,good
0<=X<200,12.0,existing paid,furniture/equipment,2762.0,>=7,none,life insurance,25.0,own,1.0,skilled,1.0,yes,bad
no checking,30.0,critical/other existing credit,used car,7596.0,>=7,none,car,63.0,own,2.0,skilled,1.0,yes,good
0<=X<200,36.0,existing paid,education,2273.0,4<=X<7,none,car,32.0,own,2.0,skilled,2.0,yes,good
<0,24.0,existing paid,radio/tv,1938.0,<1,none,life insurance,32.0,own,1.0,skilled,1.0,yes,bad
0<=X<200,24.0,existing paid,radio/tv,2896.0,<1,none,car,29.0,own,1.0,skilled,1.0,yes,good
no checking,10.0,existing paid,new car,1597.0,1<=X<4,none,no known property,40.0,rent,1.0,unskilled resident,2.0,no,good
<0,9.0,critical/other existing credit,repairs,1288.0,>=7,guarantor,real estate,48.0,own,2.0,skilled,2.0,no,good
0<=X<200,16.0,critical/other existing credit,new car,1175.0,unemployed,none,car,68.0,for free,3.0,unemp/unskilled non res,1.0,yes,good
0<=X<200,48.0,existing paid,other,5381.0,unemployed,none,no known property,40.0,for free,1.0,unemp/unskilled non res,1.0,yes,good
<0,24.0,existing paid,radio/tv,1282.0,1<=X<4,none,car,32.0,own,1.0,unskilled resident,1.0,yes,bad
no checking,18.0,critical/other existing credit,radio/tv,1098.0,unemployed,none,car,65.0,own,2.0,unemp/unskilled non res,1.0,yes,good
no checking,12.0,existing paid,used car,4675.0,<1,none,car,20.0,rent,1.0,skilled,1.0,yes,good
<0,9.0,existing paid,new car,654.0,1<=X<4,none,car,28.0,own,1.0,unskilled resident,1.0,yes,bad
0<=X<200,36.0,critical/other existing credit,radio/tv,2337.0,>=7,none,real estate,36.0,own,1.0,skilled,1.0,yes,good
<0,15.0,existing paid,new car,2511.0,unemployed,none,car,23.0,rent,1.0,skilled,1.0,yes,good
no checking,6.0,critical/other existing credit,furniture/equipment,1221.0,1<=X<4,none,life insurance,27.0,own,2.0,skilled,1.0,yes,good
0<=X<200,15.0,existing paid,repairs,2631.0,1<=X<4,none,real estate,25.0,own,1.0,unskilled resident,1.0,yes,good
<0,18.0,existing paid,radio/tv,1882.0,1<=X<4,none,car,25.0,rent,2.0,skilled,1.0,yes,bad
<0,24.0,critical/other existing credit,radio/tv,1231.0,>=7,none,life insurance,57.0,rent,2.0,high qualif/self emp/mgmt,1.0,yes,good
no checking,24.0,critical/other existing credit,radio/tv,2611.0,>=7,co applicant,real estate,46.0,own,2.0,skilled,1.0,yes,good
<0,12.0,existing paid,used car,3386.0,>=7,none,no known property,35.0,for free,1.0,skilled,1.0,yes,bad
no checking,24.0,critical/other existing credit,used car,5804.0,1<=X<4,none,real estate,27.0,own,2.0,skilled,1.0,yes,good
no checking,11.0,critical/other existing credit,new car,7228.0,1<=X<4,none,life insurance,39.0,own,2.0,unskilled resident,1.0,yes,good
no checking,9.0,existing paid,radio/tv,1478.0,4<=X<7,none,car,22.0,own,1.0,skilled,1.0,yes,bad
no checking,24.0,existing paid,radio/tv,2397.0,>=7,none,car,35.0,own,2.0,skilled,1.0,yes,bad
<0,18.0,existing paid,furniture/equipment,1131.0,unemployed,none,car,33.0,own,1.0,skilled,1.0,yes,bad
no checking,60.0,existing paid,radio/tv,10144.0,4<=X<7,none,real estate,21.0,own,1.0,skilled,1.0,yes,good
<0,15.0,existing paid,business,806.0,1<=X<4,none,life insurance,22.0,own,1.0,unskilled resident,1.0,yes,good
0<=X<200,9.0,existing paid,furniture/equipment,2030.0,4<=X<7,none,car,24.0,own,1.0,skilled,1.0,yes,good
0<=X<200,36.0,existing paid,used car,9398.0,<1,none,car,28.0,rent,1.0,high qualif/self emp/mgmt,1.0,yes,bad
no checking,9.0,critical/other existing credit,radio/tv,3074.0,1<=X<4,none,real estate,33.0,own,2.0,skilled,2.0,yes,good
<0,12.0,existing paid,radio/tv,674.0,4<=X<7,none,life insurance,20.0,own,1.0,skilled,1.0,yes,bad
no checking,24.0,critical/other existing credit,radio/tv,1516.0,1<=X<4,none,real estate,43.0,own,2.0,unskilled resident,1.0,yes,good
no checking,6.0,critical/other existing credit,radio/tv,1554.0,4<=X<7,none,car,24.0,rent,2.0,skilled,1.0,yes,good
0<=X<200,8.0,existing paid,radio/tv,1414.0,1<=X<4,guarantor,real estate,33.0,own,1.0,skilled,1.0,no,good
<0,24.0,existing paid,radio/tv,3660.0,1<=X<4,none,car,28.0,own,1.0,skilled,1.0,yes,good
no checking,12.0,critical/other existing credit,radio/tv,1291.0,1<=X<4,none,life insurance,35.0,own,2.0,skilled,1.0,yes,good
0<=X<200,12.0,existing paid,radio/tv,1484.0,1<=X<4,none,real estate,25.0,own,1.0,skilled,1.0,yes,bad
<0,12.0,existing paid,new car,1893.0,1<=X<4,guarantor,life insurance,29.0,own,1.0,skilled,1.0,yes,good
<0,15.0,critical/other existing credit,furniture/equipment,1433.0,1<=X<4,none,life insurance,25.0,rent,2.0,skilled,1.0,yes,good
no checking,6.0,critical/other existing credit,radio/tv,1237.0,1<=X<4,none,life insurance,27.0,own,2.0,skilled,1.0,yes,good
0<=X<200,27.0,delayed previously,used car,5965.0,>=7,none,car,30.0,own,2.0,high qualif/self emp/mgmt,1.0,yes,good
<0,18.0,critical/other existing credit,furniture/equipment,2124.0,1<=X<4,none,real estate,24.0,rent,2.0,skilled,1.0,yes,bad
<0,30.0,critical/other existing credit,used car,10623.0,>=7,none,no known property,38.0,for free,3.0,high qualif/self emp/mgmt,2.0,yes,good
<0,30.0,existing paid,used car,3857.0,1<=X<4,none,life insurance,40.0,own,1.0,high qualif/self emp/mgmt,1.0,yes,good
0<=X<200,11.0,existing paid,furniture/equipment,1577.0,<1,none,real estate,20.0,own,1.0,skilled,1.0,yes,good
no checking,39.0,existing paid,used car,2569.0,1<=X<4,none,car,24.0,own,1.0,skilled,1.0,yes,good
no checking,36.0,delayed previously,business,7980.0,<1,none,car,27.0,rent,2.0,skilled,1.0,yes,bad
no checking,12.0,critical/other existing credit,radio/tv,2331.0,>=7,co applicant,real estate,49.0,own,1.0,skilled,1.0,yes,good
0<=X<200,48.0,no credits/all paid,business,14421.0,1<=X<4,none,car,25.0,own,1.0,skilled,1.0,yes,bad
<0,36.0,existing paid,education,1977.0,>=7,none,no known property,40.0,own,1.0,high qualif/self emp/mgmt,1.0,yes,bad
no checking,15.0,existing paid,furniture/equipment,2221.0,1<=X<4,none,car,20.0,rent,1.0,skilled,1.0,yes,good
no checking,12.0,existing paid,radio/tv,2141.0,4<=X<7,none,no known property,35.0,own,1.0,skilled,1.0,yes,good
0<=X<200,24.0,critical/other existing credit,furniture/equipment,4736.0,<1,none,car,25.0,own,1.0,unskilled resident,1.0,yes,bad
no checking,24.0,existing paid,new car,1525.0,4<=X<7,none,car,34.0,own,1.0,skilled,2.0,yes,good
no checking,24.0,critical/other existing credit,education,1927.0,1<=X<4,none,car,33.0,own,2.0,skilled,1.0,yes,good
no checking,60.0,existing paid,new car,10366.0,>=7,none,life insurance,42.0,own,1.0,high qualif/self emp/mgmt,1.0,yes,good
no checking,42.0,existing paid,radio/tv,7166.0,4<=X<7,none,life insurance,29.0,rent,1.0,skilled,1.0,yes,good
no checking,12.0,existing paid,new car,1884.0,>=7,none,car,39.0,own,1.0,high qualif/self emp/mgmt,1.0,yes,good
no checking,12.0,existing paid,radio/tv,2073.0,1<=X<4,co applicant,real estate,28.0,own,1.0,skilled,1.0,yes,good
0<=X<200,9.0,all paid,used car,5129.0,>=7,none,no known property,74.0,for free,1.0,high qualif/self emp/mgmt,2.0,yes,bad
0<=X<200,7.0,existing paid,radio/tv,2415.0,1<=X<4,guarantor,real estate,34.0,own,1.0,skilled,1.0,yes,good
no checking,6.0,critical/other existing credit,new car,2080.0,1<=X<4,none,car,24.0,own,1.0,skilled,1.0,yes,good
no checking,18.0,delayed previously,furniture/equipment,1808.0,4<=X<7,none,real estate,22.0,own,1.0,skilled,1.0,yes,bad
<0,12.0,existing paid,furniture/equipment,2577.0,1<=X<4,none,car,42.0,own,1.0,skilled,1.0,yes,good
no checking,24.0,critical/other existing credit,furniture/equipment,2028.0,4<=X<7,none,life insurance,30.0,own,2.0,unskilled resident,1.0,yes,good
0<=X<200,12.0,existing paid,business,841.0,4<=X<7,none,real estate,23.0,rent,1.0,unskilled resident,1.0,yes,good
no checking,18.0,critical/other existing credit,new car,2775.0,4<=X<7,none,life insurance,31.0,own,2.0,skilled,1.0,yes,bad
no checking,12.0,existing paid,new car,1101.0,1<=X<4,none,real estate,27.0,own,2.0,skilled,1.0,yes,good
no checking,18.0,no credits/all paid,business,4165.0,1<=X<4,none,car,36.0,own,2.0,skilled,2.0,yes,bad
<0,24.0,all paid,radio/tv,1546.0,4<=X<7,guarantor,car,24.0,rent,1.0,unskilled resident,1.0,yes,bad
0<=X<200,9.0,existing paid,radio/tv,790.0,1<=X<4,none,real estate,66.0,own,1.0,unskilled resident,1.0,yes,good
no checking,12.0,critical/other existing credit,business,2292.0,unemployed,none,car,42.0,own,2.0,high qualif/self emp/mgmt,1.0,yes,bad
<0,45.0,existing paid,radio/tv,1845.0,1<=X<4,none,no known property,23.0,for free,1.0,skilled,1.0,yes,bad
<0,12.0,critical/other existing credit,new car,4843.0,>=7,co applicant,life insurance,43.0,rent,2.0,skilled,1.0,yes,bad
<0,12.0,existing paid,domestic appliance,741.0,unemployed,none,life insurance,22.0,own,1.0,skilled,1.0,yes,bad
<0,36.0,existing paid,furniture/equipment,2712.0,>=7,none,life insurance,41.0,own,1.0,skilled,2.0,yes,bad
no checking,6.0,existing paid,radio/tv,518.0,1<=X<4,none,real estate,29.0,own,1.0,skilled,1.0,yes,good
>=200,18.0,existing paid,furniture/equipment,2864.0,1<=X<4,none,real estate,34.0,own,1.0,unskilled resident,2.0,yes,bad
<0,36.0,critical/other existing credit,used car,9629.0,4<=X<7,none,car,24.0,own,2.0,skilled,1.0,yes,bad
>=200,10.0,critical/other existing credit,new car,781.0,>=7,none,no known property,63.0,for free,2.0,skilled,1.0,yes,good
0<=X<200,6.0,existing paid,radio/tv,2063.0,<1,none,car,30.0,rent,1.0,high qualif/self emp/mgmt,1.0,yes,good
no checking,24.0,critical/other existing credit,business,4526.0,1<=X<4,none,real estate,74.0,own,1.0,high qualif/self emp/mgmt,1.0,yes,good
<0,12.0,all paid,retraining,339.0,>=7,none,car,45.0,own,1.0,unskilled resident,1.0,yes,good
<0,42.0,delayed previously,radio/tv,4370.0,4<=X<7,none,life insurance,26.0,own,2.0,skilled,2.0,yes,bad
<0,48.0,critical/other existing credit,used car,6143.0,>=7,none,no known property,58.0,for free,2.0,unskilled resident,1.0,yes,bad
no checking,18.0,critical/other existing credit,radio/tv,6070.0,>=7,none,car,33.0,own,2.0,skilled,1.0,yes,good
no checking,11.0,critical/other existing credit,radio/tv,1154.0,unemployed,none,real estate,57.0,own,3.0,unskilled resident,1.0,yes,good
no checking,15.0,critical/other existing credit,radio/tv,1829.0,>=7,none,car,46.0,own,2.0,skilled,1.0,yes,good
>=200,10.0,existing paid,new car,3949.0,<1,guarantor,life insurance,37.0,own,1.0,unskilled resident,2.0,yes,good
0<=X<200,12.0,critical/other existing credit,used car,1804.0,<1,none,life insurance,44.0,own,1.0,skilled,1.0,yes,good
0<=X<200,7.0,existing paid,radio/tv,2329.0,<1,guarantor,real estate,45.0,own,1.0,skilled,1.0,yes,good
no checking,48.0,critical/other existing credit,radio/tv,3578.0,>=7,none,real estate,47.0,own,1.0,skilled,1.0,yes,good
no checking,18.0,critical/other existing credit,radio/tv,1800.0,1<=X<4,none,car,24.0,own,2.0,skilled,1.0,yes,good
0<=X<200,24.0,existing paid,used car,4113.0,<1,none,car,28.0,rent,1.0,skilled,1.0,yes,bad
no checking,30.0,critical/other existing credit,radio/tv,5771.0,4<=X<7,none,car,25.0,own,2.0,skilled,1.0,yes,good
<0,6.0,existing paid,new car,662.0,<1,none,real estate,41.0,own,1.0,unskilled resident,2.0,yes,good
<0,10.0,critical/other existing credit,furniture/equipment,2132.0,<1,co applicant,real estate,27.0,rent,2.0,skilled,1.0,no,good
no checking,12.0,critical/other existing credit,new car,1163.0,1<=X<4,none,real estate,44.0,own,1.0,skilled,1.0,yes,good
<0,36.0,existing paid,used car,8229.0,1<=X<4,none,life insurance,26.0,own,1.0,skilled,2.0,yes,bad
<0,24.0,existing paid,new car,915.0,>=7,none,car,29.0,own,1.0,skilled,1.0,yes,bad
0<=X<200,30.0,critical/other existing credit,new car,5234.0,unemployed,none,car,28.0,own,2.0,high qualif/self emp/mgmt,1.0,yes,bad
0<=X<200,30.0,critical/other existing credit,new car,4249.0,unemployed,none,car,28.0,own,2.0,high qualif/self emp/mgmt,1.0,yes,bad
<0,12.0,all paid,new car,697.0,<1,none,car,46.0,own,2.0,skilled,1.0,yes,bad
<0,30.0,existing paid,furniture/equipment,2406.0,4<=X<7,none,real estate,23.0,rent,1.0,skilled,1.0,yes,bad
no checking,9.0,existing paid,furniture/equipment,1313.0,>=7,none,car,20.0,own,1.0,skilled,1.0,yes,good
0<=X<200,21.0,delayed previously,new car,2353.0,1<=X<4,none,life insurance,47.0,own,2.0,skilled,1.0,yes,good
no checking,10.0,existing paid,used car,2848.0,1<=X<4,co applicant,real estate,32.0,own,1.0,skilled,2.0,yes,good
no checking,12.0,critical/other existing credit,furniture/equipment,5801.0,>=7,none,life insurance,49.0,rent,1.0,skilled,1.0,yes,good
0<=X<200,12.0,critical/other existing credit,domestic appliance,1424.0,4<=X<7,none,life insurance,26.0,own,1.0,skilled,1.0,yes,good
no checking,24.0,critical/other existing credit,radio/tv,1851.0,4<=X<7,guarantor,car,33.0,own,2.0,skilled,1.0,yes,good
>=200,36.0,existing paid,radio/tv,3913.0,1<=X<4,none,real estate,23.0,own,1.0,skilled,1.0,yes,good
no checking,60.0,delayed previously,radio/tv,15653.0,4<=X<7,none,car,21.0,own,2.0,skilled,1.0,yes,good
<0,48.0,existing paid,radio/tv,6758.0,1<=X<4,none,car,31.0,own,1.0,skilled,1.0,yes,bad
0<=X<200,48.0,existing paid,furniture/equipment,9960.0,<1,none,car,26.0,own,1.0,skilled,1.0,yes,bad
no checking,48.0,existing paid,radio/tv,10222.0,4<=X<7,none,car,37.0,own,1.0,skilled,1.0,yes,good
no checking,18.0,critical/other existing credit,radio/tv,2404.0,1<=X<4,none,car,26.0,own,2.0,skilled,1.0,yes,good
0<=X<200,12.0,existing paid,radio/tv,1331.0,<1,none,car,22.0,own,1.0,skilled,1.0,yes,bad
no checking,24.0,existing paid,radio/tv,3235.0,>=7,none,car,26.0,own,1.0,high qualif/self emp/mgmt,1.0,yes,good
no checking,30.0,existing paid,radio/tv,2333.0,>=7,none,car,30.0,own,1.0,high qualif/self emp/mgmt,1.0,yes,good
<0,12.0,existing paid,radio/tv,2214.0,1<=X<4,none,life insurance,24.0,own,1.0,unskilled resident,1.0,yes,good
0<=X<200,36.0,existing paid,used car,6948.0,1<=X<4,none,car,35.0,rent,1.0,high qualif/self emp/mgmt,1.0,yes,good
no checking,18.0,existing paid,furniture/equipment,3422.0,>=7,none,life insurance,47.0,own,3.0,skilled,2.0,yes,good
no checking,24.0,existing paid,radio/tv,3621.0,>=7,none,car,31.0,own,2.0,skilled,1.0,yes,bad
no checking,21.0,delayed previously,business,2580.0,<1,none,real estate,41.0,own,1.0,unskilled resident,2.0,yes,bad
<0,18.0,existing paid,used car,7511.0,>=7,none,life insurance,51.0,for free,1.0,skilled,2.0,yes,bad
0<=X<200,30.0,delayed previously,radio/tv,1919.0,<1,none,no known property,30.0,own,2.0,high qualif/self emp/mgmt,1.0,yes,bad
<0,12.0,no credits/all paid,new car,1082.0,1<=X<4,none,car,48.0,own,2.0,skilled,1.0,yes,bad
<0,14.0,existing paid,new car,8978.0,>=7,none,life insurance,45.0,own,1.0,high qualif/self emp/mgmt,1.0,no,bad
<0,24.0,all paid,new car,2325.0,4<=X<7,none,car,32.0,own,1.0,skilled,1.0,yes,good
<0,24.0,existing paid,radio/tv,2384.0,>=7,none,real estate,64.0,rent,1.0,unskilled resident,1.0,yes,good
<0,48.0,existing paid,used car,4788.0,4<=X<7,none,life insurance,26.0,own,1.0,skilled,2.0,yes,good
<0,12.0,existing paid,furniture/equipment,1620.0,1<=X<4,co applicant,life insurance,30.0,own,1.0,skilled,1.0,yes,good
no checking,30.0,all paid,used car,7485.0,unemployed,none,real estate,53.0,own,1.0,high qualif/self emp/mgmt,1.0,yes,bad
<0,18.0,existing paid,radio/tv,1345.0,1<=X<4,none,real estate,26.0,own,1.0,skilled,1.0,yes,bad
no checking,10.0,critical/other existing credit,furniture/equipment,2069.0,1<=X<4,none,car,26.0,own,2.0,skilled,1.0,no,good
0<=X<200,18.0,critical/other existing credit,furniture/equipment,1928.0,<1,none,real estate,31.0,own,2.0,unskilled resident,1.0,yes,bad
no checking,36.0,critical/other existing credit,business,6304.0,>=7,none,real estate,36.0,own,2.0,skilled,1.0,yes,good
no checking,12.0,existing paid,radio/tv,707.0,1<=X<4,none,real estate,30.0,own,2.0,skilled,1.0,yes,good
>=200,12.0,existing paid,furniture/equipment,1424.0,>=7,none,real estate,55.0,own,1.0,high qualif/self emp/mgmt,1.0,yes,good
0<=X<200,9.0,existing paid,new car,276.0,1<=X<4,none,real estate,22.0,rent,1.0,unskilled resident,1.0,yes,good
no checking,48.0,existing paid,business,3914.0,1<=X<4,none,real estate,38.0,own,1.0,skilled,1.0,yes,bad
<0,12.0,existing paid,education,795.0,<1,none,life insurance,53.0,own,1.0,skilled,1.0,yes,bad
0<=X<200,12.0,existing paid,new car,1295.0,<1,none,car,25.0,rent,1.0,skilled,1.0,yes,bad
no checking,12.0,existing paid,furniture/equipment,1123.0,1<=X<4,none,car,29.0,rent,1.0,unskilled resident,1.0,yes,bad
0<=X<200,12.0,existing paid,new car,7472.0,unemployed,none,real estate,24.0,rent,1.0,unemp/unskilled non res,1.0,yes,good
<0,21.0,existing paid,new car,3763.0,4<=X<7,co applicant,real estate,24.0,own,1.0,unskilled resident,1.0,no,good
<0,24.0,existing paid,new car,4817.0,4<=X<7,co applicant,life insurance,31.0,own,1.0,skilled,1.0,yes,bad
no checking,9.0,critical/other existing credit,education,936.0,>=7,none,car,52.0,own,2.0,skilled,1.0,yes,good
no checking,33.0,delayed previously,business,2764.0,1<=X<4,none,car,26.0,own,2.0,skilled,1.0,yes,good
<0,36.0,all paid,furniture/equipment,2746.0,>=7,none,car,31.0,own,1.0,skilled,1.0,yes,bad
<0,24.0,existing paid,furniture/equipment,3345.0,>=7,none,life insurance,39.0,rent,1.0,high qualif/self emp/mgmt,1.0,yes,bad
no checking,15.0,delayed previously,furniture/equipment,960.0,4<=X<7,none,life insurance,30.0,own,2.0,skilled,1.0,yes,good
0<=X<200,48.0,existing paid,radio/tv,3060.0,4<=X<7,none,real estate,28.0,own,2.0,skilled,1.0,yes,bad
<0,21.0,existing paid,radio/tv,1835.0,1<=X<4,none,real estate,25.0,own,2.0,skilled,1.0,yes,bad
>=200,24.0,critical/other existing credit,furniture/equipment,3617.0,>=7,co applicant,no known property,20.0,rent,2.0,skilled,1.0,yes,good
<0,28.0,existing paid,new car,4006.0,1<=X<4,none,car,45.0,own,1.0,unskilled resident,1.0,yes,bad
<0,21.0,existing paid,radio/tv,3357.0,<1,none,car,29.0,own,1.0,skilled,1.0,yes,good
no checking,12.0,critical/other existing credit,furniture/equipment,1935.0,>=7,none,real estate,43.0,own,3.0,skilled,1.0,yes,good
<0,24.0,existing paid,furniture/equipment,3149.0,<1,none,no known property,22.0,for free,1.0,skilled,1.0,yes,good
0<=X<200,12.0,no credits/all paid,furniture/equipment,2969.0,<1,none,life insurance,25.0,rent,2.0,skilled,1.0,yes,bad
<0,12.0,existing paid,new car,1274.0,<1,none,real estate,37.0,own,1.0,unskilled resident,1.0,yes,bad
>=200,36.0,existing paid,radio/tv,4210.0,1<=X<4,none,car,26.0,own,1.0,skilled,1.0,yes,bad
0<=X<200,48.0,delayed previously,business,6681.0,1<=X<4,none,no known property,38.0,for free,1.0,skilled,2.0,yes,good
no checking,12.0,existing paid,radio/tv,804.0,>=7,none,car,38.0,own,1.0,skilled,1.0,yes,good
<0,21.0,delayed previously,education,3414.0,<1,none,life insurance,26.0,own,2.0,skilled,1.0,yes,bad
0<=X<200,42.0,critical/other existing credit,business,5954.0,4<=X<7,none,real estate,41.0,own,2.0,unskilled resident,1.0,yes,good
>=200,15.0,existing paid,education,392.0,<1,none,life insurance,23.0,rent,1.0,skilled,1.0,yes,good
no checking,24.0,existing paid,new car,2255.0,<1,none,life insurance,54.0,own,1.0,skilled,1.0,yes,good
no checking,12.0,existing paid,radio/tv,886.0,1<=X<4,none,car,21.0,own,1.0,skilled,1.0,yes,good
0<=X<200,8.0,existing paid,furniture/equipment,1237.0,1<=X<4,none,real estate,24.0,own,1.0,skilled,1.0,yes,bad
no checking,24.0,delayed previously,new car,2032.0,>=7,none,no known property,60.0,for free,2.0,skilled,1.0,yes,good
0<=X<200,36.0,existing paid,repairs,2384.0,<1,none,no known property,33.0,rent,1.0,unskilled resident,1.0,yes,bad
no checking,15.0,existing paid,used car,3029.0,4<=X<7,none,car,33.0,own,1.0,skilled,1.0,yes,good
no checking,27.0,existing paid,new car,2570.0,1<=X<4,none,real estate,21.0,rent,1.0,skilled,1.0,yes,bad
no checking,12.0,existing paid,furniture/equipment,1736.0,4<=X<7,none,real estate,31.0,own,1.0,unskilled resident,1.0,yes,good
0<=X<200,24.0,existing paid,radio/tv,2039.0,<1,none,life insurance,22.0,own,1.0,skilled,1.0,yes,bad
>=200,21.0,critical/other existing credit,education,2319.0,<1,none,car,33.0,rent,1.0,skilled,1.0,yes,bad
0<=X<200,18.0,critical/other existing credit,new car,884.0,>=7,none,car,36.0,own,1.0,skilled,2.0,yes,bad
<0,6.0,critical/other existing credit,furniture/equipment,3384.0,1<=X<4,none,real estate,44.0,rent,1.0,high qualif/self emp/mgmt,1.0,yes,bad
0<=X<200,13.0,critical/other existing credit,radio/tv,882.0,<1,guarantor,real estate,23.0,own,2.0,skilled,1.0,yes,good
no checking,12.0,existing paid,furniture/equipment,763.0,1<=X<4,none,real estate,26.0,own,1.0,skilled,1.0,yes,good
no checking,6.0,existing paid,retraining,1238.0,unemployed,none,life insurance,36.0,own,1.0,high qualif/self emp/mgmt,2.0,yes,good
no checking,6.0,critical/other existing credit,radio/tv,1382.0,1<=X<4,none,car,28.0,own,2.0,skilled,1.0,yes,good
no checking,12.0,existing paid,radio/tv,3059.0,4<=X<7,none,real estate,61.0,own,1.0,unskilled resident,1.0,yes,good
0<=X<200,11.0,critical/other existing credit,new car,1322.0,1<=X<4,none,car,40.0,own,2.0,skilled,1.0,yes,good
0<=X<200,48.0,critical/other existing credit,furniture/equipment,5096.0,1<=X<4,none,car,30.0,own,1.0,high qualif/self emp/mgmt,1.0,yes,bad
<0,12.0,existing paid,new car,1372.0,4<=X<7,none,car,36.0,own,1.0,skilled,1.0,yes,bad
no checking,4.0,critical/other existing credit,radio/tv,1544.0,4<=X<7,none,real estate,42.0,own,3.0,unskilled resident,2.0,yes,good
0<=X<200,18.0,existing paid,radio/tv,1301.0,>=7,guarantor,real estate,32.0,own,1.0,unskilled resident,1.0,yes,good
<0,12.0,existing paid,furniture/equipment,652.0,>=7,none,life insurance,24.0,rent,1.0,skilled,1.0,yes,good
>=200,6.0,existing paid,furniture/equipment,2116.0,1<=X<4,none,real estate,41.0,own,1.0,skilled,1.0,yes,good
no checking,24.0,existing paid,retraining,937.0,<1,none,car,27.0,own,2.0,unskilled resident,1.0,yes,good
<0,12.0,critical/other existing credit,furniture/equipment,2246.0,>=7,none,life insurance,60.0,own,2.0,skilled,1.0,yes,bad
no checking,24.0,critical/other existing credit,repairs,5507.0,>=7,none,no known property,44.0,for free,2.0,skilled,1.0,yes,good
no checking,6.0,existing paid,furniture/equipment,1543.0,1<=X<4,none,real estate,33.0,own,1.0,skilled,1.0,yes,good
>=200,12.0,existing paid,new car,1330.0,<1,none,real estate,26.0,own,1.0,skilled,1.0,yes,good
>=200,6.0,critical/other existing credit,education,1047.0,1<=X<4,none,life insurance,50.0,own,1.0,unskilled resident,1.0,yes,good
no checking,39.0,existing paid,used car,8588.0,>=7,none,car,45.0,own,1.0,high qualif/self emp/mgmt,1.0,yes,good
no checking,30.0,critical/other existing credit,radio/tv,4530.0,4<=X<7,none,car,26.0,rent,1.0,high qualif/self emp/mgmt,1.0,yes,good
<0,47.0,existing paid,new car,10722.0,<1,none,real estate,35.0,own,1.0,unskilled resident,1.0,yes,good
0<=X<200,18.0,existing paid,business,2622.0,1<=X<4,none,car,34.0,own,1.0,skilled,1.0,yes,good
no checking,13.0,existing paid,radio/tv,1409.0,unemployed,none,real estate,64.0,own,1.0,skilled,1.0,yes,good
no checking,36.0,existing paid,business,5742.0,4<=X<7,none,car,31.0,own,2.0,skilled,1.0,yes,good
no checking,12.0,critical/other existing credit,new car,926.0,unemployed,none,life insurance,38.0,own,1.0,unemp/unskilled non res,1.0,yes,good
0<=X<200,12.0,existing paid,radio/tv,1534.0,<1,none,real estate,23.0,rent,1.0,skilled,1.0,yes,bad
<0,18.0,existing paid,radio/tv,3190.0,1<=X<4,none,real estate,24.0,own,1.0,skilled,1.0,yes,bad
0<=X<200,12.0,existing paid,new car,1223.0,>=7,none,real estate,46.0,rent,2.0,skilled,1.0,yes,bad
0<=X<200,12.0,existing paid,furniture/equipment,983.0,<1,none,real estate,19.0,rent,1.0,unskilled resident,1.0,yes,good
<0,18.0,delayed previously,education,8471.0,1<=X<4,none,car,23.0,rent,2.0,skilled,1.0,yes,good
<0,15.0,existing paid,domestic appliance,1275.0,1<=X<4,none,car,24.0,rent,1.0,skilled,1.0,yes,bad
>=200,12.0,existing paid,radio/tv,3016.0,1<=X<4,none,car,24.0,own,1.0,skilled,1.0,yes,good
no checking,28.0,all paid,used car,7824.0,<1,guarantor,real estate,40.0,rent,2.0,skilled,2.0,yes,good
no checking,15.0,critical/other existing credit,radio/tv,1471.0,1<=X<4,none,no known property,35.0,for free,2.0,skilled,1.0,yes,good
>=200,15.0,existing paid,business,2687.0,4<=X<7,none,life insurance,26.0,rent,1.0,skilled,1.0,yes,good
0<=X<200,10.0,all paid,radio/tv,1048.0,1<=X<4,none,real estate,23.0,own,1.0,unskilled resident,1.0,yes,good
<0,48.0,no credits/all paid,used car,4605.0,>=7,none,no known property,24.0,for free,2.0,skilled,2.0,yes,bad
no checking,24.0,critical/other existing credit,other,6314.0,unemployed,co applicant,no known property,27.0,own,2.0,high qualif/self emp/mgmt,1.0,yes,good
no checking,6.0,existing paid,furniture/equipment,1766.0,1<=X<4,none,life insurance,21.0,rent,1.0,skilled,1.0,yes,good
no checking,12.0,critical/other existing credit,new car,1495.0,>=7,none,real estate,38.0,own,2.0,unskilled resident,2.0,yes,good
0<=X<200,48.0,no credits/all paid,business,3844.0,4<=X<7,none,no known property,34.0,for free,1.0,unskilled resident,2.0,yes,bad
no checking,18.0,existing paid,repairs,1943.0,<1,none,real estate,23.0,own,1.0,skilled,1.0,yes,bad
0<=X<200,30.0,all paid,furniture/equipment,3496.0,1<=X<4,none,car,34.0,own,1.0,skilled,2.0,yes,good
no checking,24.0,existing paid,used car,2603.0,1<=X<4,none,car,28.0,rent,1.0,skilled,1.0,yes,good
<0,12.0,existing paid,radio/tv,727.0,<1,none,no known property,33.0,own,1.0,unskilled resident,1.0,yes,bad
0<=X<200,11.0,delayed previously,radio/tv,4771.0,4<=X<7,none,life insurance,51.0,own,1.0,skilled,1.0,yes,good
<0,6.0,critical/other existing credit,radio/tv,338.0,>=7,none,car,52.0,own,2.0,skilled,1.0,yes,good
0<=X<200,12.0,critical/other existing credit,new car,3124.0,<1,none,real estate,49.0,own,2.0,unskilled resident,2.0,yes,good
>=200,12.0,critical/other existing credit,new car,939.0,4<=X<7,none,real estate,28.0,own,3.0,skilled,1.0,yes,bad
<0,15.0,existing paid,furniture/equipment,1845.0,<1,guarantor,life insurance,46.0,rent,1.0,skilled,1.0,yes,good
no checking,12.0,critical/other existing credit,radio/tv,1655.0,>=7,none,real estate,63.0,own,2.0,unskilled resident,1.0,yes,good
0<=X<200,21.0,critical/other existing credit,furniture/equipment,2745.0,4<=X<7,none,car,32.0,own,2.0,skilled,1.0,yes,good
no checking,24.0,existing paid,furniture/equipment,5511.0,1<=X<4,none,car,25.0,own,1.0,skilled,1.0,yes,good
no checking,12.0,critical/other existing credit,radio/tv,797.0,>=7,none,life insurance,33.0,own,1.0,unskilled resident,2.0,yes,bad
<0,36.0,critical/other existing credit,furniture/equipment,6229.0,<1,co applicant,no known property,23.0,rent,2.0,unskilled resident,1.0,yes,bad
0<=X<200,12.0,critical/other existing credit,new car,958.0,4<=X<7,none,real estate,47.0,own,2.0,unskilled resident,2.0,yes,good
0<=X<200,18.0,critical/other existing credit,radio/tv,1245.0,1<=X<4,none,car,33.0,own,1.0,skilled,1.0,yes,bad
0<=X<200,12.0,existing paid,radio/tv,6468.0,unemployed,none,no known property,52.0,own,1.0,high qualif/self emp/mgmt,1.0,yes,bad
0<=X<200,36.0,existing paid,new car,12389.0,1<=X<4,none,no known property,37.0,for free,1.0,skilled,1.0,yes,bad
<0,21.0,all paid,new car,1647.0,1<=X<4,none,life insurance,40.0,own,2.0,unskilled resident,2.0,yes,bad
no checking,6.0,existing paid,new car,672.0,unemployed,none,real estate,54.0,own,1.0,unemp/unskilled non res,1.0,yes,good
no checking,24.0,existing paid,radio/tv,1376.0,4<=X<7,none,car,28.0,own,1.0,skilled,1.0,yes,good
<0,24.0,delayed previously,radio/tv,1024.0,<1,none,real estate,48.0,own,1.0,skilled,1.0,yes,bad
>=200,10.0,critical/other existing credit,radio/tv,1347.0,4<=X<7,none,life insurance,27.0,own,2.0,skilled,1.0,yes,good
no checking,24.0,existing paid,radio/tv,1413.0,1<=X<4,none,life insurance,28.0,own,1.0,skilled,1.0,yes,good
<0,12.0,no credits/all paid,radio/tv,6199.0,1<=X<4,none,life insurance,28.0,rent,2.0,skilled,1.0,yes,bad
<0,48.0,all paid,business,7685.0,4<=X<7,guarantor,car,37.0,rent,1.0,skilled,1.0,yes,bad
<0,24.0,existing paid,used car,6579.0,unemployed,none,no known property,29.0,for free,1.0,high qualif/self emp/mgmt,1.0,yes,good
>=200,15.0,existing paid,radio/tv,2327.0,<1,none,real estate,25.0,own,1.0,unskilled resident,1.0,yes,bad
no checking,6.0,critical/other existing credit,new car,362.0,1<=X<4,none,car,52.0,own,2.0,unskilled resident,1.0,yes,good
<0,10.0,critical/other existing credit,new car,1038.0,4<=X<7,co applicant,life insurance,49.0,own,2.0,skilled,1.0,yes,good
<0,11.0,critical/other existing credit,new car,3905.0,1<=X<4,none,real estate,36.0,rent,2.0,skilled,2.0,yes,good
0<=X<200,15.0,existing paid,repairs,1514.0,1<=X<4,guarantor,real estate,22.0,own,1.0,skilled,1.0,yes,good
no checking,24.0,existing paid,furniture/equipment,3972.0,4<=X<7,none,life insurance,25.0,rent,1.0,skilled,1.0,yes,good
0<=X<200,18.0,existing paid,education,1239.0,1<=X<4,none,no known property,61.0,for free,1.0,skilled,1.0,yes,good
<0,18.0,all paid,new car,1442.0,4<=X<7,none,no known property,32.0,for free,2.0,unskilled resident,2.0,yes,bad
0<=X<200,12.0,existing paid,new car,685.0,4<=X<7,none,car,25.0,own,1.0,unskilled resident,1.0,yes,bad
0<=X<200,24.0,existing paid,new car,2718.0,1<=X<4,none,life insurance,20.0,rent,1.0,unskilled resident,1.0,yes,bad
0<=X<200,27.0,critical/other existing credit,radio/tv,2520.0,1<=X<4,none,life insurance,23.0,own,2.0,unskilled resident,1.0,yes,bad
<0,15.0,critical/other existing credit,furniture/equipment,975.0,1<=X<4,none,life insurance,25.0,own,2.0,skilled,1.0,yes,good
no checking,24.0,critical/other existing credit,used car,3868.0,>=7,none,car,41.0,rent,2.0,high qualif/self emp/mgmt,1.0,yes,good
no checking,7.0,critical/other existing credit,radio/tv,730.0,>=7,none,life insurance,46.0,rent,2.0,unskilled resident,1.0,yes,good
no checking,9.0,existing paid,radio/tv,2753.0,>=7,co applicant,car,35.0,own,1.0,skilled,1.0,yes,good
0<=X<200,9.0,existing paid,radio/tv,1670.0,<1,none,car,22.0,own,1.0,skilled,1.0,yes,bad
no checking,6.0,all paid,radio/tv,1750.0,>=7,none,life insurance,45.0,own,1.0,unskilled resident,2.0,yes,good
no checking,24.0,critical/other existing credit,furniture/equipment,1585.0,4<=X<7,none,life insurance,40.0,own,2.0,skilled,1.0,yes,good
0<=X<200,24.0,existing paid,radio/tv,1967.0,>=7,none,car,20.0,own,1.0,skilled,1.0,yes,good
>=200,4.0,existing paid,new car,1494.0,<1,none,real estate,29.0,own,1.0,unskilled resident,2.0,no,good
no checking,36.0,existing paid,radio/tv,2394.0,1<=X<4,none,car,25.0,own,1.0,skilled,1.0,yes,good
<0,18.0,critical/other existing credit,new car,5302.0,>=7,none,no known property,36.0,for free,3.0,high qualif/self emp/mgmt,1.0,yes,good
0<=X<200,60.0,existing paid,education,6288.0,1<=X<4,none,no known property,42.0,for free,1.0,skilled,1.0,yes,bad
0<=X<200,30.0,critical/other existing credit,furniture/equipment,8386.0,4<=X<7,none,life insurance,49.0,own,1.0,skilled,1.0,yes,bad
0<=X<200,30.0,no credits/all paid,business,4280.0,1<=X<4,none,car,26.0,rent,2.0,unskilled resident,1.0,yes,bad
0<=X<200,15.0,existing paid,radio/tv,1444.0,<1,none,life insurance,23.0,own,1.0,skilled,1.0,yes,good
no checking,36.0,critical/other existing credit,radio/tv,9566.0,1<=X<4,none,car,31.0,own,2.0,skilled,1.0,yes,good
0<=X<200,36.0,existing paid,education,12612.0,1<=X<4,none,no known property,47.0,for free,1.0,skilled,2.0,yes,bad
no checking,24.0,existing paid,used car,9277.0,1<=X<4,none,no known property,48.0,for free,1.0,skilled,1.0,yes,good
<0,30.0,existing paid,radio/tv,2522.0,>=7,guarantor,life insurance,39.0,own,1.0,skilled,2.0,yes,good
no checking,36.0,existing paid,used car,8133.0,1<=X<4,none,life insurance,30.0,own,1.0,skilled,1.0,yes,good
0<=X<200,9.0,existing paid,radio/tv,1206.0,>=7,none,real estate,25.0,own,1.0,skilled,1.0,yes,good
<0,36.0,existing paid,furniture/equipment,5179.0,4<=X<7,none,life insurance,29.0,own,1.0,skilled,1.0,yes,bad
0<=X<200,24.0,existing paid,radio/tv,5084.0,>=7,none,car,42.0,own,1.0,skilled,1.0,yes,good
0<=X<200,27.0,no credits/all paid,business,8318.0,>=7,none,no known property,42.0,for free,2.0,high qualif/self emp/mgmt,1.0,yes,bad
<0,30.0,existing paid,furniture/equipment,3108.0,<1,none,life insurance,31.0,own,1.0,unskilled resident,1.0,yes,bad
<0,18.0,existing paid,furniture/equipment,4153.0,1<=X<4,co applicant,car,42.0,own,1.0,skilled,1.0,yes,bad
no checking,36.0,delayed previously,radio/tv,4463.0,1<=X<4,none,car,26.0,own,2.0,high qualif/self emp/mgmt,1.0,yes,bad
no checking,9.0,existing paid,furniture/equipment,2301.0,<1,none,life insurance,22.0,rent,1.0,skilled,1.0,yes,good
0<=X<200,48.0,existing paid,new car,6560.0,4<=X<7,none,life insurance,24.0,own,1.0,skilled,1.0,yes,bad
no checking,36.0,existing paid,furniture/equipment,10974.0,unemployed,none,car,26.0,own,2.0,high qualif/self emp/mgmt,1.0,yes,bad
no checking,6.0,existing paid,radio/tv,1595.0,4<=X<7,none,life insurance,51.0,own,1.0,skilled,2.0,yes,good
<0,24.0,existing paid,other,1755.0,>=7,guarantor,real estate,58.0,own,1.0,unskilled resident,1.0,yes,good
0<=X<200,20.0,delayed previously,used car,7057.0,4<=X<7,none,life insurance,36.0,rent,2.0,high qualif/self emp/mgmt,2.0,yes,good
no checking,10.0,existing paid,furniture/equipment,2210.0,1<=X<4,none,real estate,25.0,rent,1.0,unskilled resident,1.0,yes,bad
no checking,24.0,critical/other existing credit,radio/tv,5103.0,<1,none,no known property,47.0,for free,3.0,skilled,1.0,yes,good
0<=X<200,12.0,existing paid,new car,1007.0,1<=X<4,none,real estate,22.0,own,1.0,skilled,1.0,yes,good
0<=X<200,48.0,all paid,new car,12169.0,unemployed,co applicant,no known property,36.0,for free,1.0,high qualif/self emp/mgmt,1.0,yes,good
>=200,30.0,critical/other existing credit,radio/tv,3656.0,>=7,none,life insurance,49.0,own,2.0,unskilled resident,1.0,yes,good
<0,12.0,existing paid,education,1200.0,1<=X<4,none,life insurance,23.0,rent,1.0,skilled,1.0,yes,good
0<=X<200,18.0,critical/other existing credit,new car,1056.0,>=7,guarantor,real estate,30.0,own,2.0,skilled,1.0,yes,bad
0<=X<200,60.0,delayed previously,radio/tv,9157.0,1<=X<4,none,no known property,27.0,for free,1.0,high qualif/self emp/mgmt,1.0,yes,good
no checking,15.0,critical/other existing credit,radio/tv,1459.0,1<=X<4,none,car,43.0,own,1.0,unskilled resident,1.0,yes,good
<0,24.0,existing paid,radio/tv,1987.0,1<=X<4,none,real estate,21.0,rent,1.0,unskilled resident,2.0,yes,bad
<0,20.0,critical/other existing credit,furniture/equipment,4272.0,>=7,none,life insurance,24.0,own,2.0,skilled,1.0,yes,good
no checking,18.0,critical/other existing credit,education,1864.0,1<=X<4,none,real estate,30.0,own,2.0,skilled,1.0,yes,bad
0<=X<200,12.0,existing paid,radio/tv,1567.0,1<=X<4,none,car,22.0,own,1.0,skilled,1.0,yes,good
<0,18.0,existing paid,new car,2249.0,4<=X<7,none,car,30.0,own,1.0,high qualif/self emp/mgmt,2.0,yes,good
no checking,18.0,critical/other existing credit,new car,1055.0,<1,none,life insurance,30.0,own,2.0,skilled,1.0,yes,good
>=200,24.0,existing paid,radio/tv,1377.0,>=7,none,no known property,47.0,for free,1.0,skilled,1.0,yes,good
no checking,18.0,all paid,new car,6458.0,>=7,none,no known property,39.0,own,2.0,high qualif/self emp/mgmt,2.0,yes,bad
<0,9.0,existing paid,furniture/equipment,2136.0,1<=X<4,none,real estate,25.0,own,1.0,skilled,1.0,yes,good
<0,30.0,critical/other existing credit,used car,6187.0,4<=X<7,none,car,24.0,rent,2.0,skilled,1.0,yes,good
<0,18.0,all paid,radio/tv,1940.0,<1,co applicant,no known property,36.0,for free,1.0,high qualif/self emp/mgmt,1.0,yes,good
no checking,36.0,critical/other existing credit,new car,3535.0,4<=X<7,none,car,37.0,own,2.0,skilled,1.0,yes,good
0<=X<200,24.0,existing paid,new car,1246.0,<1,none,real estate,23.0,own,1.0,unskilled resident,1.0,yes,bad
no checking,24.0,existing paid,used car,2670.0,>=7,none,car,35.0,own,1.0,high qualif/self emp/mgmt,1.0,yes,good
no checking,18.0,existing paid,new car,6761.0,1<=X<4,none,car,68.0,rent,2.0,skilled,1.0,yes,bad
0<=X<200,18.0,critical/other existing credit,business,3590.0,unemployed,none,car,40.0,own,3.0,unemp/unskilled non res,2.0,yes,good
0<=X<200,15.0,critical/other existing credit,radio/tv,2728.0,4<=X<7,guarantor,real estate,35.0,own,3.0,skilled,1.0,yes,good
no checking,36.0,delayed previously,furniture/equipment,7678.0,4<=X<7,none,car,40.0,own,2.0,skilled,1.0,yes,good
0<=X<200,45.0,critical/other existing credit,used car,4576.0,unemployed,none,car,27.0,own,1.0,skilled,1.0,yes,good
no checking,12.0,delayed previously,used car,1503.0,1<=X<4,none,real estate,41.0,rent,1.0,skilled,1.0,yes,good
0<=X<200,24.0,existing paid,radio/tv,3758.0,unemployed,none,no known property,23.0,rent,1.0,unemp/unskilled non res,1.0,yes,good
0<=X<200,15.0,all paid,new car,1264.0,1<=X<4,none,life insurance,25.0,rent,1.0,skilled,1.0,yes,bad
0<=X<200,12.0,existing paid,radio/tv,1092.0,1<=X<4,guarantor,real estate,49.0,own,2.0,skilled,1.0,yes,good
<0,6.0,critical/other existing credit,furniture/equipment,1872.0,unemployed,none,no known property,36.0,for free,3.0,high qualif/self emp/mgmt,1.0,yes,good
no checking,18.0,critical/other existing credit,new car,1028.0,1<=X<4,none,real estate,36.0,own,2.0,skilled,1.0,yes,good
no checking,24.0,existing paid,new car,3757.0,>=7,co applicant,no known property,62.0,for free,1.0,skilled,1.0,yes,good
no checking,15.0,existing paid,domestic appliance,874.0,<1,none,real estate,24.0,own,1.0,skilled,1.0,yes,good
no checking,36.0,existing paid,used car,4686.0,1<=X<4,none,no known property,32.0,for free,1.0,high qualif/self emp/mgmt,1.0,yes,good
<0,12.0,existing paid,furniture/equipment,7865.0,>=7,none,no known property,53.0,for free,1.0,high qualif/self emp/mgmt,1.0,yes,bad
<0,36.0,existing paid,new car,9271.0,4<=X<7,none,car,24.0,own,1.0,skilled,1.0,yes,bad
<0,6.0,existing paid,used car,1352.0,unemployed,none,life insurance,23.0,rent,1.0,unemp/unskilled non res,1.0,yes,good
no checking,30.0,existing paid,radio/tv,1867.0,>=7,none,car,58.0,own,1.0,skilled,1.0,yes,good
<0,36.0,existing paid,used car,8335.0,>=7,none,no known property,47.0,for free,1.0,skilled,1.0,yes,bad
no checking,15.0,existing paid,domestic appliance,1262.0,4<=X<7,none,life insurance,36.0,own,2.0,skilled,1.0,yes,good
no checking,24.0,delayed previously,used car,4679.0,4<=X<7,none,car,35.0,own,2.0,unskilled resident,1.0,yes,good
0<=X<200,18.0,no credits/all paid,furniture/equipment,3244.0,1<=X<4,none,car,33.0,own,2.0,skilled,1.0,yes,good
<0,9.0,existing paid,new car,1422.0,<1,none,no known property,27.0,for free,1.0,high qualif/self emp/mgmt,1.0,yes,bad
0<=X<200,30.0,existing paid,furniture/equipment,3441.0,1<=X<4,co applicant,car,21.0,rent,1.0,skilled,1.0,yes,bad
0<=X<200,12.0,existing paid,new car,1318.0,>=7,none,real estate,54.0,own,1.0,skilled,1.0,yes,good
0<=X<200,30.0,existing paid,new car,2150.0,1<=X<4,guarantor,no known property,24.0,own,1.0,skilled,1.0,yes,bad
no checking,48.0,existing paid,business,4844.0,unemployed,none,car,33.0,rent,1.0,high qualif/self emp/mgmt,1.0,yes,bad
no checking,15.0,critical/other existing credit,used car,3368.0,>=7,none,no known property,23.0,rent,2.0,skilled,1.0,yes,good
0<=X<200,21.0,critical/other existing credit,business,3652.0,4<=X<7,none,life insurance,27.0,own,2.0,skilled,1.0,yes,good
<0,15.0,delayed previously,furniture/equipment,3643.0,>=7,none,life insurance,27.0,own,2.0,unskilled resident,1.0,yes,good
>=200,10.0,existing paid,domestic appliance,1225.0,1<=X<4,none,car,37.0,own,1.0,skilled,1.0,yes,good
0<=X<200,60.0,delayed previously,radio/tv,7418.0,1<=X<4,none,real estate,27.0,own,1.0,unskilled resident,1.0,yes,good
no checking,18.0,existing paid,used car,3378.0,1<=X<4,none,life insurance,31.0,own,1.0,skilled,1.0,yes,good
<0,18.0,existing paid,furniture/equipment,2462.0,1<=X<4,none,car,22.0,own,1.0,skilled,1.0,yes,bad
<0,42.0,existing paid,radio/tv,7174.0,4<=X<7,none,car,30.0,own,1.0,high qualif/self emp/mgmt,1.0,yes,bad
<0,6.0,critical/other existing credit,new car,3676.0,1<=X<4,none,real estate,37.0,rent,3.0,skilled,2.0,yes,good
<0,18.0,existing paid,radio/tv,2600.0,1<=X<4,none,no known property,65.0,for free,2.0,skilled,1.0,yes,bad
>=200,24.0,existing paid,new car,947.0,4<=X<7,none,no known property,38.0,for free,1.0,skilled,2.0,yes,bad
>=200,24.0,critical/other existing credit,business,1275.0,1<=X<4,none,real estate,36.0,own,2.0,skilled,1.0,yes,good
no checking,10.0,critical/other existing credit,new car,1231.0,>=7,none,real estate,32.0,own,2.0,unskilled resident,2.0,no,good
<0,12.0,existing paid,furniture/equipment,1262.0,>=7,none,life insurance,49.0,own,1.0,unskilled resident,1.0,yes,good
no checking,18.0,critical/other existing credit,radio/tv,1582.0,>=7,none,car,46.0,own,2.0,skilled,1.0,yes,good
no checking,15.0,existing paid,used car,1300.0,>=7,none,no known property,45.0,for free,1.0,skilled,2.0,yes,good
<0,6.0,critical/other existing credit,new car,860.0,>=7,none,no known property,39.0,own,2.0,skilled,1.0,yes,good
no checking,6.0,existing paid,domestic appliance,1338.0,1<=X<4,none,real estate,62.0,own,1.0,skilled,1.0,yes,good
no checking,36.0,existing paid,new car,909.0,>=7,none,life insurance,36.0,own,1.0,skilled,1.0,yes,good
0<=X<200,18.0,critical/other existing credit,radio/tv,1795.0,>=7,guarantor,real estate,48.0,rent,2.0,unskilled resident,1.0,yes,good
no checking,9.0,existing paid,new car,2507.0,>=7,none,no known property,51.0,for free,1.0,unskilled resident,1.0,yes,good
0<=X<200,6.0,all paid,new car,931.0,<1,none,life insurance,32.0,own,1.0,unskilled resident,1.0,yes,bad
<0,24.0,all paid,used car,3632.0,1<=X<4,guarantor,car,22.0,rent,1.0,skilled,1.0,no,good
0<=X<200,36.0,delayed previously,business,4455.0,1<=X<4,none,real estate,30.0,own,2.0,high qualif/self emp/mgmt,1.0,yes,bad
0<=X<200,12.0,existing paid,radio/tv,1158.0,1<=X<4,none,car,26.0,own,1.0,skilled,1.0,yes,good
no checking,11.0,existing paid,business,2142.0,>=7,none,real estate,28.0,own,1.0,skilled,1.0,yes,good
0<=X<200,48.0,all paid,business,6416.0,>=7,none,no known property,59.0,rent,1.0,skilled,1.0,yes,bad
no checking,24.0,existing paid,radio/tv,999.0,>=7,none,car,25.0,own,2.0,skilled,1.0,yes,good
no checking,9.0,existing paid,education,3832.0,>=7,none,real estate,64.0,own,1.0,unskilled resident,1.0,yes,good
no checking,9.0,existing paid,radio/tv,2697.0,1<=X<4,none,real estate,32.0,own,1.0,skilled,2.0,yes,good
>=200,6.0,critical/other existing credit,new car,1323.0,>=7,none,car,28.0,own,2.0,skilled,2.0,yes,good
no checking,24.0,critical/other existing credit,radio/tv,2684.0,1<=X<4,none,real estate,35.0,own,2.0,unskilled resident,1.0,yes,good
no checking,24.0,existing paid,used car,2679.0,<1,none,no known property,29.0,own,1.0,high qualif/self emp/mgmt,1.0,yes,good
0<=X<200,15.0,no credits/all paid,new car,1778.0,<1,none,real estate,26.0,rent,2.0,unemp/unskilled non res,1.0,yes,bad
<0,6.0,critical/other existing credit,radio/tv,1169.0,>=7,none,real estate,67.0,own,2.0,skilled,1.0,yes,good
>=200,30.0,critical/other existing credit,radio/tv,3017.0,>=7,none,life insurance,47.0,own,1.0,skilled,1.0,yes,good
<0,24.0,existing paid,furniture/equipment,2359.0,unemployed,none,life insurance,33.0,own,1.0,skilled,1.0,yes,bad
no checking,30.0,critical/other existing credit,radio/tv,6742.0,4<=X<7,none,life insurance,36.0,own,2.0,skilled,1.0,yes,good
no checking,12.0,critical/other existing credit,education,701.0,1<=X<4,none,car,32.0,own,2.0,skilled,1.0,yes,good
<0,12.0,existing paid,radio/tv,1498.0,1<=X<4,none,car,23.0,own,1.0,skilled,1.0,yes,good
no checking,4.0,existing paid,furniture/equipment,601.0,<1,none,real estate,23.0,rent,1.0,unskilled resident,2.0,yes,good
0<=X<200,36.0,existing paid,education,3711.0,1<=X<4,none,car,27.0,own,1.0,skilled,1.0,yes,good
<0,60.0,delayed previously,business,6836.0,>=7,none,no known property,63.0,own,2.0,skilled,1.0,yes,bad
<0,24.0,all paid,furniture/equipment,2828.0,1<=X<4,none,real estate,22.0,own,1.0,skilled,1.0,yes,good
<0,18.0,existing paid,education,750.0,unemployed,none,real estate,27.0,own,1.0,unemp/unskilled non res,1.0,yes,bad
no checking,15.0,existing paid,radio/tv,1979.0,>=7,none,car,35.0,own,1.0,skilled,1.0,yes,good
0<=X<200,30.0,existing paid,furniture/equipment,3832.0,<1,none,life insurance,22.0,own,1.0,skilled,1.0,yes,good
<0,6.0,existing paid,new car,1203.0,>=7,none,life insurance,43.0,own,1.0,skilled,1.0,yes,good
<0,6.0,critical/other existing credit,radio/tv,1957.0,4<=X<7,none,car,31.0,own,1.0,skilled,1.0,yes,good
<0,24.0,existing paid,radio/tv,2439.0,<1,none,real estate,35.0,own,1.0,skilled,1.0,yes,bad
<0,24.0,existing paid,new car,1371.0,1<=X<4,none,real estate,25.0,rent,1.0,skilled,1.0,yes,bad
0<=X<200,24.0,critical/other existing credit,new car,3878.0,<1,none,car,37.0,own,1.0,skilled,1.0,yes,good
0<=X<200,36.0,delayed previously,new car,2862.0,>=7,none,no known property,30.0,for free,1.0,skilled,1.0,yes,good
<0,10.0,critical/other existing credit,new car,2241.0,<1,none,real estate,48.0,rent,2.0,unskilled resident,2.0,no,good
no checking,24.0,critical/other existing credit,new car,1940.0,>=7,none,real estate,60.0,own,1.0,skilled,1.0,yes,good
0<=X<200,12.0,existing paid,new car,2002.0,4<=X<7,none,life insurance,30.0,rent,1.0,skilled,2.0,yes,good
0<=X<200,15.0,critical/other existing credit,radio/tv,1537.0,>=7,guarantor,real estate,50.0,own,2.0,skilled,1.0,yes,good
<0,48.0,existing paid,used car,10297.0,4<=X<7,none,no known property,39.0,for free,3.0,skilled,2.0,yes,bad
0<=X<200,26.0,existing paid,used car,7966.0,<1,none,car,30.0,own,2.0,skilled,1.0,yes,good
<0,12.0,existing paid,furniture/equipment,1657.0,1<=X<4,none,real estate,27.0,own,1.0,skilled,1.0,yes,good
no checking,9.0,existing paid,furniture/equipment,1388.0,1<=X<4,none,real estate,26.0,rent,1.0,skilled,1.0,yes,good
0<=X<200,42.0,all paid,used car,9283.0,unemployed,none,no known property,55.0,for free,1.0,high qualif/self emp/mgmt,1.0,yes,good
no checking,6.0,no credits/all paid,new car,1204.0,1<=X<4,none,no known property,35.0,rent,1.0,skilled,1.0,no,good
no checking,27.0,delayed previously,business,5117.0,4<=X<7,none,car,26.0,own,2.0,skilled,1.0,yes,good
no checking,21.0,existing paid,business,1572.0,>=7,none,real estate,36.0,own,1.0,unskilled resident,1.0,yes,good
<0,48.0,existing paid,radio/tv,6999.0,4<=X<7,guarantor,real estate,34.0,own,2.0,skilled,1.0,yes,bad
0<=X<200,18.0,delayed previously,new car,2899.0,>=7,none,car,43.0,own,1.0,skilled,2.0,yes,good
no checking,36.0,critical/other existing credit,new car,6614.0,>=7,none,car,34.0,own,2.0,high qualif/self emp/mgmt,1.0,yes,good
<0,14.0,existing paid,new car,3973.0,unemployed,none,no known property,22.0,for free,1.0,skilled,1.0,yes,good
<0,40.0,critical/other existing credit,education,5998.0,1<=X<4,none,no known property,27.0,own,1.0,skilled,1.0,yes,bad
<0,12.0,critical/other existing credit,new car,691.0,>=7,none,life insurance,35.0,own,2.0,skilled,1.0,yes,bad
<0,24.0,no credits/all paid,furniture/equipment,4110.0,>=7,none,no known property,23.0,rent,2.0,skilled,2.0,yes,bad
no checking,15.0,critical/other existing credit,furniture/equipment,3343.0,1<=X<4,none,no known property,28.0,for free,1.0,skilled,1.0,yes,good
0<=X<200,18.0,delayed previously,business,2427.0,>=7,none,life insurance,42.0,own,2.0,skilled,1.0,yes,good
no checking,12.0,critical/other existing credit,radio/tv,976.0,>=7,none,car,35.0,own,2.0,skilled,1.0,yes,good
no checking,24.0,existing paid,used car,7814.0,4<=X<7,none,car,38.0,own,1.0,high qualif/self emp/mgmt,1.0,yes,good
<0,24.0,all paid,furniture/equipment,6872.0,<1,none,life insurance,55.0,own,1.0,skilled,1.0,yes,bad
no checking,9.0,critical/other existing credit,new car,1224.0,1<=X<4,none,real estate,30.0,own,2.0,skilled,1.0,yes,good
<0,27.0,no credits/all paid,business,5293.0,unemployed,none,life insurance,50.0,own,2.0,skilled,1.0,yes,bad
<0,12.0,all paid,radio/tv,2149.0,1<=X<4,none,no known property,29.0,for free,1.0,skilled,1.0,yes,bad
0<=X<200,54.0,no credits/all paid,business,15945.0,<1,none,no known property,58.0,rent,1.0,skilled,1.0,yes,bad
<0,18.0,existing paid,furniture/equipment,2659.0,1<=X<4,none,car,28.0,own,1.0,skilled,1.0,yes,good
>=200,12.0,existing paid,furniture/equipment,2251.0,1<=X<4,none,car,46.0,own,1.0,unskilled resident,1.0,yes,good
>=200,12.0,all paid,business,609.0,<1,none,real estate,26.0,own,1.0,unemp/unskilled non res,1.0,yes,bad
0<=X<200,9.0,existing paid,radio/tv,1082.0,>=7,none,car,27.0,own,2.0,unskilled resident,1.0,yes,good
no checking,15.0,delayed previously,radio/tv,1478.0,1<=X<4,none,real estate,33.0,own,2.0,skilled,1.0,yes,good
no checking,36.0,critical/other existing credit,furniture/equipment,7127.0,<1,none,life insurance,23.0,rent,2.0,skilled,1.0,yes,bad
no checking,24.0,existing paid,radio/tv,5943.0,<1,none,car,44.0,own,2.0,skilled,1.0,yes,bad
<0,11.0,critical/other existing credit,new car,3939.0,1<=X<4,none,real estate,40.0,own,2.0,unskilled resident,2.0,yes,good
0<=X<200,36.0,critical/other existing credit,used car,5800.0,1<=X<4,none,car,34.0,own,2.0,skilled,1.0,yes,good
0<=X<200,10.0,existing paid,furniture/equipment,1521.0,1<=X<4,none,car,31.0,own,1.0,unskilled resident,1.0,yes,good
0<=X<200,18.0,critical/other existing credit,furniture/equipment,1295.0,<1,none,life insurance,27.0,own,2.0,skilled,1.0,yes,good
0<=X<200,12.0,existing paid,radio/tv,2930.0,4<=X<7,none,real estate,27.0,own,1.0,skilled,1.0,yes,good
0<=X<200,24.0,delayed previously,furniture/equipment,2333.0,<1,none,life insurance,29.0,own,1.0,unskilled resident,1.0,yes,good
0<=X<200,9.0,existing paid,furniture/equipment,959.0,1<=X<4,none,car,29.0,own,1.0,skilled,1.0,no,bad
no checking,36.0,existing paid,radio/tv,2299.0,>=7,none,car,39.0,own,1.0,skilled,1.0,yes,good
0<=X<200,9.0,existing paid,education,1199.0,4<=X<7,none,life insurance,67.0,own,2.0,high qualif/self emp/mgmt,1.0,yes,good
>=200,24.0,critical/other existing credit,radio/tv,3148.0,1<=X<4,none,car,31.0,own,2.0,skilled,1.0,yes,good
no checking,24.0,existing paid,radio/tv,1311.0,4<=X<7,none,life insurance,26.0,own,1.0,skilled,1.0,yes,good
>=200,24.0,existing paid,furniture/equipment,1925.0,1<=X<4,none,real estate,26.0,own,1.0,skilled,1.0,yes,good
no checking,24.0,delayed previously,furniture/equipment,4151.0,1<=X<4,none,life insurance,35.0,own,2.0,skilled,1.0,yes,good
no checking,15.0,existing paid,new car,3556.0,1<=X<4,none,no known property,29.0,own,1.0,skilled,1.0,yes,good
no checking,18.0,existing paid,radio/tv,4594.0,<1,none,car,32.0,own,1.0,skilled,1.0,yes,good
0<=X<200,6.0,existing paid,radio/tv,368.0,>=7,none,life insurance,38.0,own,1.0,skilled,1.0,yes,good
0<=X<200,36.0,no credits/all paid,business,1953.0,>=7,none,no known property,61.0,for free,1.0,high qualif/self emp/mgmt,1.0,yes,bad
<0,24.0,critical/other existing credit,used car,6419.0,>=7,none,no known property,44.0,for free,2.0,high qualif/self emp/mgmt,2.0,yes,good
no checking,10.0,critical/other existing credit,furniture/equipment,2146.0,<1,none,real estate,23.0,rent,2.0,skilled,1.0,yes,good
0<=X<200,20.0,no credits/all paid,used car,6148.0,>=7,none,car,31.0,own,2.0,skilled,1.0,yes,good
>=200,18.0,existing paid,new car,1961.0,>=7,none,car,23.0,own,1.0,high qualif/self emp/mgmt,1.0,yes,good
<0,48.0,existing paid,new car,7763.0,>=7,none,no known property,42.0,for free,1.0,high qualif/self emp/mgmt,1.0,yes,bad
no checking,6.0,critical/other existing credit,radio/tv,1740.0,>=7,none,real estate,30.0,rent,2.0,skilled,1.0,yes,good
<0,12.0,existing paid,radio/tv,701.0,1<=X<4,none,real estate,40.0,own,1.0,unskilled resident,1.0,yes,good
>=200,6.0,existing paid,new car,709.0,<1,none,real estate,27.0,own,1.0,unemp/unskilled non res,1.0,no,good
no checking,6.0,no credits/all paid,radio/tv,426.0,>=7,none,car,39.0,own,1.0,unskilled resident,1.0,yes,good
no checking,6.0,existing paid,education,1538.0,<1,none,no known property,56.0,own,1.0,skilled,1.0,yes,good
no checking,12.0,critical/other existing credit,furniture/equipment,1258.0,<1,none,life insurance,22.0,rent,2.0,unskilled resident,1.0,yes,good
no checking,27.0,delayed previously,used car,8613.0,1<=X<4,none,car,27.0,own,2.0,skilled,1.0,yes,good
no checking,60.0,critical/other existing credit,new car,13756.0,>=7,none,no known property,63.0,for free,1.0,high qualif/self emp/mgmt,1.0,yes,good
0<=X<200,18.0,critical/other existing credit,business,1887.0,1<=X<4,none,real estate,28.0,own,2.0,skilled,1.0,yes,good
<0,36.0,critical/other existing credit,furniture/equipment,2348.0,1<=X<4,none,life insurance,46.0,own,2.0,skilled,1.0,yes,good
0<=X<200,48.0,existing paid,business,15672.0,1<=X<4,none,car,23.0,own,1.0,skilled,1.0,yes,bad
0<=X<200,15.0,all paid,new car,6850.0,unemployed,none,life insurance,34.0,own,1.0,high qualif/self emp/mgmt,2.0,yes,bad
no checking,6.0,existing paid,furniture/equipment,4611.0,<1,none,life insurance,32.0,own,1.0,skilled,1.0,yes,bad
no checking,24.0,existing paid,furniture/equipment,929.0,4<=X<7,none,car,31.0,own,1.0,skilled,1.0,yes,good
>=200,42.0,critical/other existing credit,used car,4796.0,>=7,none,no known property,56.0,for free,1.0,skilled,1.0,yes,good
no checking,10.0,existing paid,new car,1309.0,1<=X<4,guarantor,life insurance,27.0,own,1.0,unskilled resident,1.0,yes,bad
<0,8.0,critical/other existing credit,other,1164.0,>=7,none,no known property,51.0,for free,2.0,high qualif/self emp/mgmt,2.0,yes,good
no checking,21.0,no credits/all paid,new car,5003.0,1<=X<4,none,life insurance,29.0,own,2.0,skilled,1.0,yes,bad
<0,24.0,existing paid,radio/tv,1823.0,unemployed,none,car,30.0,own,1.0,high qualif/self emp/mgmt,2.0,yes,bad
<0,30.0,no credits/all paid,business,8072.0,<1,none,car,25.0,own,3.0,skilled,1.0,yes,good
no checking,18.0,existing paid,furniture/equipment,1533.0,<1,co applicant,life insurance,43.0,own,1.0,unskilled resident,2.0,yes,bad
no checking,18.0,critical/other existing credit,used car,3229.0,unemployed,none,no known property,38.0,own,1.0,high qualif/self emp/mgmt,1.0,yes,good
<0,12.0,existing paid,new car,900.0,1<=X<4,none,car,23.0,own,1.0,skilled,1.0,yes,bad
0<=X<200,18.0,existing paid,radio/tv,866.0,1<=X<4,guarantor,real estate,25.0,own,1.0,unskilled resident,1.0,yes,good
no checking,4.0,critical/other existing credit,new car,3380.0,4<=X<7,none,real estate,37.0,own,1.0,skilled,2.0,yes,good
0<=X<200,18.0,no credits/all paid,new car,2278.0,<1,none,car,28.0,own,2.0,skilled,1.0,yes,bad
no checking,15.0,critical/other existing credit,education,1532.0,1<=X<4,none,car,31.0,own,1.0,skilled,1.0,yes,good
0<=X<200,20.0,delayed previously,other,2629.0,1<=X<4,none,car,29.0,own,2.0,skilled,1.0,yes,good
no checking,18.0,critical/other existing credit,used car,3850.0,4<=X<7,none,car,27.0,own,2.0,skilled,1.0,yes,good
<0,36.0,existing paid,radio/tv,2302.0,1<=X<4,none,car,31.0,rent,1.0,skilled,1.0,yes,bad
<0,24.0,existing paid,used car,2812.0,>=7,none,real estate,26.0,rent,1.0,skilled,1.0,yes,good
>=200,24.0,existing paid,furniture/equipment,2892.0,>=7,none,no known property,51.0,for free,1.0,skilled,1.0,yes,good
<0,18.0,existing paid,new car,976.0,<1,none,car,23.0,own,1.0,unskilled resident,1.0,yes,bad
<0,18.0,critical/other existing credit,new car,3966.0,>=7,none,real estate,33.0,rent,3.0,skilled,1.0,yes,bad
<0,24.0,existing paid,furniture/equipment,7721.0,<1,none,life insurance,30.0,own,1.0,skilled,1.0,no,good
no checking,48.0,critical/other existing credit,used car,8858.0,4<=X<7,none,no known property,35.0,for free,2.0,skilled,1.0,yes,good
<0,18.0,existing paid,radio/tv,1936.0,4<=X<7,none,car,23.0,rent,2.0,unskilled resident,1.0,yes,good
<0,36.0,critical/other existing credit,furniture/equipment,5371.0,1<=X<4,guarantor,life insurance,28.0,own,2.0,skilled,1.0,yes,good
>=200,42.0,no credits/all paid,business,6289.0,<1,none,life insurance,33.0,own,2.0,skilled,1.0,yes,good
no checking,24.0,delayed previously,business,3863.0,1<=X<4,none,no known property,32.0,for free,1.0,skilled,1.0,yes,good
no checking,12.0,critical/other existing credit,radio/tv,618.0,>=7,none,real estate,56.0,own,1.0,skilled,1.0,yes,good
no checking,18.0,existing paid,furniture/equipment,1984.0,1<=X<4,none,no known property,47.0,for free,2.0,skilled,1.0,yes,good
no checking,15.0,existing paid,furniture/equipment,2708.0,<1,none,life insurance,27.0,own,2.0,unskilled resident,1.0,yes,good
>=200,12.0,delayed previously,new car,2247.0,1<=X<4,none,car,36.0,own,2.0,skilled,1.0,yes,good
0<=X<200,12.0,critical/other existing credit,new car,2366.0,4<=X<7,none,car,36.0,own,1.0,high qualif/self emp/mgmt,1.0,yes,good
no checking,36.0,critical/other existing credit,used car,10477.0,>=7,none,no known property,42.0,for free,2.0,skilled,1.0,yes,good
>=200,9.0,existing paid,radio/tv,1126.0,>=7,none,real estate,49.0,own,1.0,skilled,1.0,yes,good
0<=X<200,12.0,existing paid,radio/tv,1155.0,>=7,guarantor,real estate,40.0,own,2.0,unskilled resident,1.0,yes,good
<0,18.0,existing paid,radio/tv,3509.0,4<=X<7,guarantor,real estate,25.0,own,1.0,skilled,1.0,yes,good
0<=X<200,9.0,existing paid,new car,3195.0,1<=X<4,none,real estate,33.0,own,1.0,unskilled resident,1.0,yes,good
0<=X<200,24.0,existing paid,used car,2760.0,>=7,none,no known property,36.0,for free,1.0,skilled,1.0,yes,good
<0,12.0,existing paid,retraining,902.0,4<=X<7,none,life insurance,21.0,rent,1.0,skilled,1.0,yes,bad
no checking,12.0,critical/other existing credit,business,1185.0,1<=X<4,none,real estate,27.0,own,2.0,skilled,1.0,yes,good
<0,42.0,critical/other existing credit,repairs,3394.0,unemployed,co applicant,car,65.0,own,2.0,unemp/unskilled non res,1.0,yes,good
no checking,24.0,existing paid,business,4591.0,1<=X<4,none,life insurance,54.0,own,3.0,high qualif/self emp/mgmt,1.0,yes,bad
no checking,18.0,critical/other existing credit,new car,1530.0,1<=X<4,none,life insurance,32.0,own,2.0,skilled,1.0,yes,bad
0<=X<200,12.0,critical/other existing credit,radio/tv,3573.0,1<=X<4,none,real estate,23.0,own,1.0,unskilled resident,1.0,yes,good
0<=X<200,36.0,delayed previously,new car,8086.0,>=7,none,car,42.0,own,4.0,high qualif/self emp/mgmt,1.0,yes,bad
0<=X<200,36.0,critical/other existing credit,new car,2820.0,<1,none,car,27.0,own,2.0,skilled,1.0,yes,bad
<0,24.0,existing paid,furniture/equipment,3234.0,<1,none,real estate,23.0,rent,1.0,unskilled resident,1.0,yes,bad
0<=X<200,18.0,existing paid,used car,12976.0,unemployed,none,no known property,38.0,for free,1.0,high qualif/self emp/mgmt,1.0,yes,bad
0<=X<200,24.0,critical/other existing credit,radio/tv,1216.0,<1,none,no known property,38.0,own,2.0,skilled,2.0,yes,bad
0<=X<200,60.0,existing paid,new car,14027.0,4<=X<7,none,no known property,27.0,own,1.0,high qualif/self emp/mgmt,1.0,yes,bad
<0,33.0,critical/other existing credit,furniture/equipment,4281.0,1<=X<4,none,car,23.0,own,2.0,skilled,1.0,yes,bad
no checking,15.0,existing paid,new car,5324.0,>=7,none,no known property,35.0,for free,1.0,skilled,1.0,yes,good
no checking,27.0,existing paid,repairs,5190.0,>=7,none,life insurance,48.0,own,4.0,skilled,2.0,yes,good
<0,24.0,critical/other existing credit,business,1382.0,4<=X<7,none,real estate,26.0,own,2.0,skilled,1.0,yes,good
<0,24.0,existing paid,furniture/equipment,4020.0,1<=X<4,none,car,27.0,own,1.0,skilled,1.0,yes,good
<0,12.0,existing paid,radio/tv,1107.0,1<=X<4,none,real estate,20.0,rent,1.0,high qualif/self emp/mgmt,2.0,yes,good
no checking,12.0,critical/other existing credit,radio/tv,1934.0,>=7,none,no known property,26.0,own,2.0,skilled,1.0,yes,good
no checking,48.0,critical/other existing credit,education,6110.0,1<=X<4,none,no known property,31.0,for free,1.0,skilled,1.0,yes,good
<0,9.0,existing paid,radio/tv,1366.0,<1,none,life insurance,22.0,rent,1.0,skilled,1.0,yes,bad
<0,12.0,critical/other existing credit,used car,1526.0,>=7,none,no known property,66.0,for free,2.0,high qualif/self emp/mgmt,1.0,yes,good
<0,12.0,existing paid,new car,3651.0,1<=X<4,none,life insurance,31.0,own,1.0,skilled,2.0,yes,good
no checking,18.0,existing paid,new car,2662.0,4<=X<7,none,life insurance,32.0,own,1.0,skilled,1.0,no,good
0<=X<200,36.0,existing paid,radio/tv,2323.0,4<=X<7,none,car,24.0,rent,1.0,skilled,1.0,yes,good
0<=X<200,27.0,existing paid,business,2528.0,<1,none,life insurance,32.0,own,1.0,skilled,2.0,yes,good
>=200,15.0,existing paid,education,1905.0,>=7,none,car,40.0,rent,1.0,high qualif/self emp/mgmt,1.0,yes,good
<0,36.0,delayed previously,education,6887.0,1<=X<4,none,life insurance,29.0,own,1.0,skilled,1.0,yes,bad
<0,20.0,critical/other existing credit,new car,2235.0,1<=X<4,guarantor,life insurance,33.0,rent,2.0,skilled,1.0,no,bad
0<=X<200,6.0,existing paid,radio/tv,484.0,4<=X<7,guarantor,real estate,28.0,own,1.0,unskilled resident,1.0,yes,good
no checking,6.0,existing paid,repairs,660.0,4<=X<7,none,real estate,23.0,rent,1.0,unskilled resident,1.0,yes,good
no checking,6.0,critical/other existing credit,radio/tv,1898.0,1<=X<4,none,real estate,34.0,own,2.0,unskilled resident,2.0,yes,good
no checking,24.0,critical/other existing credit,furniture/equipment,3777.0,1<=X<4,none,real estate,50.0,own,1.0,skilled,1.0,yes,good
0<=X<200,39.0,critical/other existing credit,radio/tv,4933.0,4<=X<7,guarantor,real estate,25.0,own,2.0,skilled,1.0,yes,bad
<0,9.0,existing paid,radio/tv,1364.0,4<=X<7,none,real estate,59.0,own,1.0,skilled,1.0,yes,good
<0,12.0,critical/other existing credit,new car,2171.0,1<=X<4,none,life insurance,38.0,own,2.0,unskilled resident,1.0,no,good
0<=X<200,18.0,existing paid,new car,5866.0,1<=X<4,none,car,30.0,own,2.0,skilled,1.0,yes,good
no checking,12.0,existing paid,radio/tv,1262.0,1<=X<4,none,car,25.0,own,1.0,skilled,1.0,yes,good
>=200,18.0,existing paid,furniture/equipment,3049.0,<1,none,life insurance,45.0,own,1.0,unskilled resident,1.0,yes,good
<0,10.0,existing paid,radio/tv,2315.0,>=7,none,real estate,52.0,own,1.0,unskilled resident,1.0,yes,good
no checking,24.0,existing paid,used car,3488.0,4<=X<7,none,car,23.0,own,1.0,skilled,1.0,yes,good
no checking,12.0,existing paid,new car,2133.0,>=7,none,no known property,52.0,for free,1.0,high qualif/self emp/mgmt,1.0,yes,good
0<=X<200,20.0,existing paid,used car,6468.0,unemployed,none,real estate,60.0,own,1.0,high qualif/self emp/mgmt,1.0,yes,good
0<=X<200,9.0,critical/other existing credit,education,1501.0,>=7,none,car,34.0,own,2.0,high qualif/self emp/mgmt,1.0,yes,bad
no checking,15.0,existing paid,radio/tv,1213.0,>=7,none,life insurance,47.0,own,1.0,skilled,1.0,yes,good
<0,36.0,existing paid,new car,3249.0,4<=X<7,none,no known property,39.0,for free,1.0,high qualif/self emp/mgmt,2.0,yes,good
no checking,12.0,critical/other existing credit,education,3565.0,<1,none,life insurance,37.0,own,2.0,unskilled resident,2.0,yes,good
no checking,15.0,delayed previously,used car,3594.0,<1,none,life insurance,46.0,own,2.0,unskilled resident,1.0,yes,good
0<=X<200,18.0,existing paid,business,1913.0,<1,none,real estate,36.0,own,1.0,skilled,1.0,yes,good
no checking,24.0,existing paid,new car,1249.0,<1,none,real estate,28.0,own,1.0,skilled,1.0,yes,good
no checking,24.0,existing paid,used car,6313.0,>=7,none,car,41.0,own,1.0,high qualif/self emp/mgmt,2.0,yes,good
no checking,6.0,all paid,new car,783.0,1<=X<4,guarantor,real estate,26.0,own,1.0,unskilled resident,2.0,yes,good
0<=X<200,30.0,existing paid,radio/tv,1715.0,1<=X<4,none,car,26.0,own,1.0,skilled,1.0,yes,good
<0,12.0,critical/other existing credit,new car,2122.0,1<=X<4,none,real estate,39.0,rent,2.0,unskilled resident,2.0,no,good
0<=X<200,24.0,critical/other existing credit,business,1935.0,>=7,none,real estate,31.0,own,2.0,skilled,1.0,yes,bad
>=200,21.0,existing paid,new car,2923.0,1<=X<4,none,car,28.0,own,1.0,high qualif/self emp/mgmt,1.0,yes,good
no checking,10.0,existing paid,retraining,894.0,4<=X<7,none,life insurance,40.0,own,1.0,skilled,1.0,yes,good
no checking,22.0,existing paid,new car,1283.0,4<=X<7,none,life insurance,25.0,rent,1.0,skilled,1.0,yes,good
0<=X<200,9.0,existing paid,new car,1549.0,<1,none,real estate,35.0,own,1.0,unemp/unskilled non res,1.0,yes,good
no checking,18.0,delayed previously,business,2169.0,1<=X<4,none,car,28.0,own,1.0,skilled,1.0,yes,bad
0<=X<200,6.0,existing paid,radio/tv,590.0,<1,none,real estate,26.0,own,1.0,unskilled resident,1.0,no,good
>=200,12.0,all paid,radio/tv,409.0,1<=X<4,none,real estate,42.0,rent,2.0,skilled,1.0,yes,good
no checking,21.0,existing paid,radio/tv,3160.0,>=7,none,life insurance,41.0,own,1.0,skilled,1.0,yes,good
<0,24.0,delayed previously,new car,1333.0,unemployed,none,real estate,43.0,for free,2.0,skilled,2.0,yes,bad
0<=X<200,12.0,existing paid,radio/tv,766.0,1<=X<4,none,real estate,66.0,own,1.0,unskilled resident,1.0,yes,bad
no checking,6.0,existing paid,furniture/equipment,2978.0,1<=X<4,none,car,32.0,own,1.0,skilled,1.0,yes,good
no checking,12.0,existing paid,used car,2445.0,<1,none,car,26.0,rent,1.0,skilled,1.0,yes,good
no checking,24.0,existing paid,new car,7393.0,1<=X<4,none,life insurance,43.0,own,1.0,unskilled resident,2.0,yes,good
no checking,6.0,delayed previously,radio/tv,932.0,1<=X<4,none,real estate,24.0,own,1.0,skilled,1.0,yes,good
no checking,24.0,critical/other existing credit,furniture/equipment,5150.0,>=7,none,car,33.0,own,1.0,skilled,1.0,yes,good
no checking,18.0,existing paid,radio/tv,1505.0,1<=X<4,none,no known property,32.0,for free,1.0,high qualif/self emp/mgmt,1.0,yes,good
<0,18.0,existing paid,furniture/equipment,3650.0,<1,none,car,22.0,rent,1.0,skilled,1.0,yes,good
no checking,10.0,existing paid,education,727.0,>=7,none,no known property,46.0,for free,1.0,skilled,1.0,yes,good
no checking,24.0,critical/other existing credit,new car,1287.0,>=7,none,real estate,37.0,own,2.0,skilled,1.0,yes,good
no checking,18.0,existing paid,business,1950.0,4<=X<7,none,car,34.0,own,2.0,skilled,1.0,yes,good
<0,6.0,existing paid,new car,1374.0,unemployed,none,life insurance,75.0,own,1.0,high qualif/self emp/mgmt,1.0,yes,good
0<=X<200,12.0,existing paid,new car,836.0,<1,none,life insurance,23.0,own,1.0,unskilled resident,1.0,yes,bad
no checking,10.0,existing paid,radio/tv,1924.0,1<=X<4,none,life insurance,38.0,own,1.0,skilled,1.0,no,good
no checking,18.0,existing paid,radio/tv,1473.0,<1,none,real estate,39.0,own,1.0,skilled,1.0,yes,good
no checking,24.0,existing paid,furniture/equipment,3062.0,>=7,none,no known property,32.0,rent,1.0,skilled,1.0,yes,good
no checking,12.0,existing paid,new car,1386.0,1<=X<4,none,life insurance,26.0,own,1.0,skilled,1.0,yes,bad
0<=X<200,18.0,existing paid,furniture/equipment,1924.0,<1,none,real estate,27.0,rent,1.0,skilled,1.0,yes,bad
no checking,11.0,critical/other existing credit,new car,1393.0,<1,none,car,35.0,own,2.0,high qualif/self emp/mgmt,1.0,yes,good
no checking,24.0,existing paid,radio/tv,3105.0,<1,none,car,25.0,own,2.0,skilled,1.0,yes,good
no checking,12.0,existing paid,radio/tv,776.0,1<=X<4,none,real estate,28.0,own,1.0,skilled,1.0,yes,good
0<=X<200,12.0,critical/other existing credit,new car,1995.0,<1,none,car,27.0,own,1.0,skilled,1.0,yes,good
<0,24.0,all paid,business,3161.0,1<=X<4,none,life insurance,31.0,rent,1.0,skilled,1.0,yes,bad
<0,24.0,existing paid,furniture/equipment,1747.0,<1,co applicant,life insurance,24.0,own,1.0,unskilled resident,1.0,no,good
no checking,4.0,critical/other existing credit,radio/tv,1503.0,4<=X<7,none,real estate,42.0,own,2.0,unskilled resident,2.0,yes,good
no checking,36.0,existing paid,radio/tv,3835.0,>=7,none,real estate,45.0,own,1.0,unskilled resident,1.0,yes,good
<0,18.0,all paid,furniture/equipment,1553.0,1<=X<4,none,car,44.0,own,1.0,skilled,1.0,yes,bad
>=200,12.0,existing paid,radio/tv,1297.0,1<=X<4,none,real estate,23.0,rent,1.0,skilled,1.0,yes,good
no checking,24.0,critical/other existing credit,radio/tv,2223.0,>=7,none,life insurance,52.0,own,2.0,skilled,1.0,yes,good
0<=X<200,48.0,existing paid,radio/tv,5951.0,1<=X<4,none,real estate,22.0,own,1.0,skilled,1.0,yes,bad
0<=X<200,6.0,existing paid,new car,14555.0,unemployed,none,life insurance,23.0,own,1.0,unemp/unskilled non res,1.0,yes,bad
no checking,12.0,critical/other existing credit,radio/tv,522.0,>=7,none,life insurance,42.0,own,2.0,skilled,2.0,yes,good
no checking,36.0,no credits/all paid,repairs,2613.0,1<=X<4,none,car,27.0,own,2.0,skilled,1.0,yes,good
<0,21.0,existing paid,furniture/equipment,3599.0,4<=X<7,none,car,26.0,rent,1.0,unskilled resident,1.0,yes,good
0<=X<200,48.0,no credits/all paid,other,18424.0,1<=X<4,none,life insurance,32.0,own,1.0,high qualif/self emp/mgmt,1.0,no,bad
no checking,9.0,critical/other existing credit,furniture/equipment,2406.0,unemployed,none,car,31.0,own,1.0,high qualif/self emp/mgmt,1.0,yes,good
no checking,24.0,critical/other existing credit,radio/tv,2872.0,>=7,none,real estate,36.0,own,1.0,skilled,2.0,yes,good
<0,36.0,existing paid,used car,5493.0,>=7,none,no known property,42.0,for free,1.0,skilled,2.0,yes,good
<0,12.0,existing paid,furniture/equipment,708.0,1<=X<4,guarantor,life insurance,38.0,own,1.0,unskilled resident,2.0,yes,good
>=200,6.0,critical/other existing credit,new car,1299.0,1<=X<4,none,real estate,74.0,own,3.0,unemp/unskilled non res,2.0,no,good
no checking,60.0,existing paid,new car,6527.0,1<=X<4,none,no known property,34.0,for free,1.0,skilled,2.0,yes,good
0<=X<200,12.0,existing paid,retraining,754.0,>=7,none,life insurance,38.0,own,2.0,skilled,1.0,yes,good
no checking,15.0,critical/other existing credit,furniture/equipment,2788.0,4<=X<7,co applicant,car,24.0,own,2.0,skilled,1.0,yes,good
no checking,48.0,all paid,business,3609.0,1<=X<4,none,real estate,27.0,own,1.0,skilled,1.0,yes,good
no checking,24.0,existing paid,radio/tv,1552.0,4<=X<7,none,car,32.0,own,1.0,skilled,2.0,yes,good
<0,12.0,existing paid,new car,759.0,4<=X<7,none,real estate,26.0,own,1.0,skilled,1.0,yes,bad
<0,36.0,existing paid,furniture/equipment,3620.0,1<=X<4,guarantor,life insurance,37.0,own,1.0,skilled,2.0,yes,good
no checking,18.0,critical/other existing credit,radio/tv,629.0,>=7,none,life insurance,32.0,own,2.0,high qualif/self emp/mgmt,1.0,yes,good
0<=X<200,21.0,existing paid,furniture/equipment,3976.0,4<=X<7,none,car,35.0,own,1.0,skilled,1.0,yes,good
no checking,24.0,critical/other existing credit,radio/tv,2424.0,>=7,none,life insurance,53.0,own,2.0,skilled,1.0,yes,good
<0,6.0,critical/other existing credit,new car,666.0,4<=X<7,none,real estate,39.0,own,2.0,unskilled resident,1.0,yes,good
0<=X<200,12.0,existing paid,radio/tv,625.0,<1,guarantor,real estate,26.0,own,1.0,unskilled resident,1.0,yes,good
0<=X<200,9.0,all paid,new car,1437.0,4<=X<7,none,no known property,29.0,own,1.0,skilled,1.0,yes,bad
<0,18.0,critical/other existing credit,radio/tv,1880.0,4<=X<7,none,life insurance,32.0,own,2.0,high qualif/self emp/mgmt,1.0,yes,good
0<=X<200,14.0,existing paid,business,1410.0,>=7,none,real estate,35.0,own,1.0,skilled,1.0,yes,good
<0,30.0,existing paid,furniture/equipment,3622.0,>=7,none,life insurance,57.0,rent,2.0,skilled,1.0,yes,good
0<=X<200,24.0,critical/other existing credit,other,11938.0,1<=X<4,co applicant,car,39.0,own,2.0,high qualif/self emp/mgmt,2.0,yes,bad
no checking,24.0,existing paid,used car,5433.0,unemployed,none,life insurance,26.0,rent,1.0,high qualif/self emp/mgmt,1.0,yes,good
0<=X<200,24.0,existing paid,furniture/equipment,3069.0,>=7,none,no known property,30.0,for free,1.0,skilled,1.0,yes,good
no checking,33.0,critical/other existing credit,used car,7253.0,4<=X<7,none,car,35.0,own,2.0,high qualif/self emp/mgmt,1.0,yes,good
<0,18.0,critical/other existing credit,furniture/equipment,1049.0,<1,none,life insurance,21.0,rent,1.0,skilled,1.0,yes,good
no checking,15.0,existing paid,education,4623.0,1<=X<4,none,life insurance,40.0,own,1.0,high qualif/self emp/mgmt,1.0,yes,bad
<0,24.0,all paid,furniture/equipment,3349.0,<1,none,no known property,30.0,for free,1.0,skilled,2.0,yes,bad
<0,30.0,no credits/all paid,furniture/equipment,4583.0,1<=X<4,guarantor,real estate,32.0,own,2.0,skilled,1.0,yes,good
<0,36.0,delayed previously,business,2145.0,4<=X<7,none,car,24.0,own,2.0,skilled,1.0,yes,bad
no checking,30.0,critical/other existing credit,radio/tv,5954.0,4<=X<7,co applicant,car,38.0,own,1.0,skilled,1.0,yes,good
no checking,10.0,existing paid,new car,1287.0,>=7,co applicant,life insurance,45.0,own,1.0,unskilled resident,1.0,no,good
<0,9.0,critical/other existing credit,new car,2799.0,1<=X<4,none,real estate,36.0,rent,2.0,skilled,2.0,yes,good
no checking,15.0,critical/other existing credit,furniture/equipment,1520.0,>=7,none,life insurance,63.0,own,1.0,skilled,1.0,yes,good
<0,12.0,critical/other existing credit,radio/tv,385.0,4<=X<7,none,real estate,58.0,own,4.0,unskilled resident,1.0,yes,good
>=200,30.0,delayed previously,business,1908.0,>=7,none,real estate,66.0,own,1.0,high qualif/self emp/mgmt,1.0,yes,bad
0<=X<200,36.0,no credits/all paid,radio/tv,3804.0,1<=X<4,none,car,42.0,own,1.0,skilled,1.0,yes,bad
